idx,flipped,label_original,label_corrected,blind_review,blind_confidence,blind_reason,language,source,text_redacted,human_verified,human_label,human_note
225,True,1,0,not_request,certain,Asks why donation motivation drops; discussion.,bn,facebook,আচ্ছা রক্ত দেবার ইচ্ছেটা কমে যাওয়ার কারণ কি?😔 মনের অনুভুতিটা মন খুলে কমেন্টে শেয়ার করুন। ✅ ভুল ত্রুটি সমাধানের চেষ্টা করা হবে ইন শা আল্লাহ্,,,
243,True,0,1,request,certain,O-ve blood urgently needed for mother,bn,facebook,আসসালামুআলাইকুম একটি জরুরি বিজ্ঞপ্তি শুনি ভাই খুবই জরুরি ভিত্তিতে একজন অসুস্থ্য মায়ের জীবন বাঁচাতে ১ ব্যাগ♥ ও নেগেটিভ O(-ve) ♥ রক্তের প্রয়োজন। রুগী বর্তমানে দিনাজপুর মেডিকেল কলেজে অপেরাশন থিয়েটারে মৃত্যুর সঙ্গে পাঞ্জা লরতেছেন। রক্তের অভাবে অপেরাশন স্থগিত করা হয়েছে। যদি কোনো সৎ ব্যক্তির O(-ve) নেগেটিভ রক্ত থাকে তাহলে যত দ্রুত সম্ভব যোগাযোগ করুন। আপনার এক ব্যাগ রক্তই পারে একজন মায়ের জীবন বাঁচাতে আল্লাহ যদি সহায় হন। স্থানঃ দিনাজপুর মেডিকেল কলেজ। তারিখঃ আজকেই যতদ্রুত সম্ভব(০২/১০/২০২৪) রক্তের গ্রুপঃ ও নেগেটিভ O(-ve) যোগাযোগ মেবাইলঃ <PHONE> সবাই পোস্ট টা শেয়ার করুন দয়া করে।,,,
277,True,0,1,request,certain,Retweet of urgent O- blood need in Hyderabad.,en,ebdr-twitter,"RT @Raktabhaa: #Hyderabad #Urgent O-ve #Blood @ BN Reddy Hosp, 4Mar,Call:<PHONE> via @PandeyJaideep RT @tavleen_singh @WeLoveHYD #Rakt",,,
287,True,0,1,request,certain,O+ required urgently for bypass,en,ebdr-twitter,O+ #blood required urgently in #lahore for bypass plzzz contact <PHONE>. #SaveLife #SaveLifeFoundation #BeAHero via @bissoholic,,,
365,True,1,0,not_request,certain,A+ donor ready; an offer.,tbn,facebook,Assalamualaikum . ❤️A+ Donar Ready [ BLOOD Deyar 4 hours Agaa Janate Hobe] Again Thank you ✨,,,
415,True,1,0,not_request,certain,Report of completed donation,bn,facebook,আলহামদুলিল্লাহ্ Birampur Blood Bank গ্রুপের সিনিয়র মডারেটর ছোটো ছোটো Omar Saibin একটা ক্যান্সার আক্রান্ত ছোটো বাচ্চাকে ১৫০ মিলি: রক্ত দান করেছে। এটি ছোটো ভাইয়ের ১২ তম রক্তদান । রোগী ও ডোনারের জন্য সুস্থতা কামনা করছি।,,,
455,True,1,0,not_request,certain,Motivational message about donating.,bn,facebook,রক্তদানও একটি এবাদত তাই নিজে নিয়মিত রক্তদান করুন এবং অন্যকে রক্তদানে উৎসাহিত করুন।,,,
517,True,0,1,request,certain,Spanish appeal for blood donors for hospitalized patient,en,ebdr-twitter,"URGENTE Se solicita donadores de sangre de cualquier tipo, para César Gómez (el loco). se encuentra internado en e… https://t.co/YLKZm0ezaN",,,
585,True,1,0,not_request,certain,Reports completed B+ donation and thanks.,bn,facebook,"# আলহামদুলিল্লাহ।💗🌷💗🌷 # ""রক্ত যদি জীবন হয়, রক্ত দিতে কিসের ভয় ""💞 🌷। #আলহামদুলিল্লাহ প্রিয় ভাই আশরাফুল ইসলাম বি পজেটিভ রক্ত দান করলেন... #আল্লাহ সুবহানাহু ওয়া তায়ালা প্রিয় ভাইদের এই দানকে #কবুল করুন। ## আপনার এই মহৎ সাহায্যে যে, ## শুধু একটি জীবন বাঁচাবে ## তা নয়......... ## বাঁচাবে একটি পরিবারও...। ## আর সর্বোপরি বাঁচিয়ে রাখবে আপনাকে...... ## আপনার মানবিকতার জন্যে......। #আলোর_কাফেলা_ব্লাড_ডোনেশন_ক্লাব_SPI #ব্লাড ডোনেশন ক্লাব - এস. পি. আই. #সিলেট_পলিটেকনিক_ইনস্টিটিউট",,,
608,True,1,0,not_request,certain,General moral advice.,bn,facebook,জীবনে চলার পথে ৩টি মানুষ কে সাহায্য করো ১.যারা চলতে পারেনা ২.যারা দু বেলা দু মুঠো খেতে পায়না ৩.আর সেষ টা হলো যারা পৃথিবী দেখতে পায়না যাদের কে বলা হয় অন্ধ প্লিজ অনূরোধ করে বোল্লাম কেউ তাদের সাহায্য না করে এড়িয়ে যাবেন না,,,
723,True,1,0,not_request,certain,Awareness post asking people to know blood group.,bn,facebook,"১ মিনিট সময় লাগবে সবাই একটু পোস্ট টা পরবেন 🙏🙏 🩸💉আপনি রক্ত দিতে ভয় পান...?? কথা দিলাম আপনাকে কল দিবো না.....!!! বলব না একজন মা মারা যাচ্ছে রক্ত দিন! শুধু বলবো ব্লাড গ্রুপটা চেক করে রাখুন। যে মা মৃত্যু যন্ত্রনাকে ভয় না পেয়ে আপনাকে আমাকে জন্ম দিয়েছিলো। সেই মায়ের জন্য যদি কখনও রক্ত লাগে তখন কি করবেন..??? আমার রক্তের গ্রুপ (o+) আপনার রক্তের গ্রুপ জানা থাকলে বলতে পারেন....??? 🩸💉ব্লাড দিতে ইচ্ছুক হলে সাথে লোকেশন আর নাম্বারটা দিয়ে দিয়েন নাম্বার দিতে সমস্যা হলে ইনবক্সে নাম্বার দিয়ে দিতে পারেন....!!! আসুন নিজে রক্ত দান করি,অন্য কে রক্তদানে উৎসাহিত করি🩸🩸",,,
803,True,1,0,not_request,certain,Asks how many times people donated.,bn,facebook,কে কতবার রক্তদান করেছেন...? ব্লাডগ্রুপ সহো আমাদের সাথে শেয়ার করুন🥰😍,,,
810,True,1,0,not_request,certain,Hospital job recruitment ad.,bn,facebook,"জরুরী ভিত্তিতে গ্লোবাল হেলথ্ কাউন্সিল (Global Health Council) কর্তৃক- জেলা ভিত্তিক সরকারি/বেসরকারি হাসপাতালের জন্য জনবল নিয়োগ প্রকাশ। আবেদন করতে What's App নাম্বারে সিভি/বায়ুডাটা, জাতীয় পরিচয় পত্রের কপি, আপনার ছবি জমা দিন। <PHONE> (What's App নাম্বার) ★পদবীঃ ছেলেঃ ওটি সহকারী, ল্যাব সহকারী, ওয়াডবয়, ফার্মাসিস্ট। মেয়েঃ ওটি সহকারী, ল্যাব সহকারী, রিসেপশনিস্ট। ★পদের নাম :পরবর্তী ধাপে নির্ধারন করা হবে। ★বেতন স্কেল :-১৫,৩০০-২৫,৪৯০ টাকা। ★শিক্ষাগত যোগ্যতা: ৮ম (JSC/JDC)/এসএসসি (SSC)/এইচএসসি (HSC) পর্যন্ত। ★নাগরিকত্ব: বাংলাদেশী, (ছেলে-মেয়ে উভয়ই আবেদন করতে পারবেন)। ★বয়সসীমা: ১৭ বছর ০৬ মাস থেকে ৩৪ বছর। ★সকাল ৯টা থেকে সন্ধ্যা ৬টা পর্যন্ত ★বিস্তারিত জানতে যোগাযোগ করুনঃ 📞<PHONE> ★নিজ জেলায় ট্রেনিং ও যোগদানের সুযোগ রয়েছে। ★নির্ধারিত ফি বাবদ।",,,
836,True,1,0,not_request,certain,Person offers to give O+ blood today.,bn,facebook,O+ রক্ত দিতে চাচ্ছি আজকে কুমিল্লার মধ্যে। দয়া করে যোগাযোগ করবেন <PHONE>,,,
863,True,1,0,not_request,certain,Lists ready donors available; an offer.,bn,facebook,আলহামদুলিল্লাহ রেডি ডোনার সিলেটের মধ্যে A+=5 টা Ab+=3 টা A-=2 টা Ab-=2 টা B+=4 টা B-=2 টা O+=4 টা O-=2 টা যোগাযোগ করুন -<PHONE> এখানে রক্ত বিক্রয় হয় না সেচ্ছায় দেওয়া হয়। কোনো প্রকার টাকা লেনদেন করবেন না। টাকা লেনদেন করে দয়া করে প্রতিষ্ঠানের নাম নষ্ট করবেন না ধন্যবাদ।,,,
865,True,1,0,not_request,certain,Scam warning about masks.,bn,facebook,সাবধান! সাবধান! সাবধান! বাস ট্রেন থেকে মাস্ক কিনা থেকে বিরত থাকুন 😳 কিছু লোক অল্প টাকায় মাস্ক বিক্রি করার কথা বলে ছিনিয়ে নিচ্ছে লাখ লাখ টাকা😑 ঐদিন মাধবদী থেকে আমার ভাই আসার পথে বাসে এক লোক মাস্ক বিক্রি করতেছে ৬০ টাকার মাস্ক মাত্র ১০ টাকা ভাই বললো যেহেতু ৬০ টাকার মাস্ক ১০ টাকা নিয়ে নেই 😇 যেই নিয়ে মাস্ক টা মুখে পরলো ওনার আর কিছু মনে নেই। জ্ঞান ফিরে দেখে কোনো এক জংগলে পরে আছে তিনি। তার সাথে ছিলো দেড় লক্ষ টাকা আর মোবাইল সব নিয়ে গিয়েছে সবাই সাবধান। (সংগৃহিত) স্বেচ্ছাসেবক সানী ভাই,,,
975,True,1,0,not_request,certain,Donor offering A+ blood,bn,facebook,কালকে সারাদিন ফ্রি আছি ।কারো A+ রক্ত লাগলে inbox করেন ।কিন্তু কোন প্রতিষ্ঠান কে নয় সরাসরি রুগি কে দেখে তার পর দিবো । Location : Bashaboo Blood group : A+ Cell : <PHONE> বি :দৃ : দযা করে রুগির আত্মীয় স্বজন আমাকে কিছু খাওয়ানোর চেষ্টা করবেন না। এমন কি পানি ও না ।,,,
1014,True,1,0,not_request,certain,K-pop profile retweet,en,ebdr-twitter,"RT @Insooslove: Let's get to know the members~😘 Real Name: Kang Insoo Stage Name: Insoo Birthday: March 10, 1988 Position: Main Vocalist a…",,,
1031,True,0,1,request,certain,Any group blood urgently needed at Gangaram.,en,ebdr-twitter,#Delhi any group #Blood #urgent #need at Gangaram Hospital Pls <PHONE> or <PHONE> #July_07 via @TajinderBagga cc @suhelseth @tavleen_singh @nistula @upma23 #BloodMatters,,,
1132,True,1,0,not_request,certain,"Report of completed donation, asks for prayers.",bn,facebook,"গত ১৫ই জুলাই'২৩ ইং আমাদের ব্লাড ডোনেট গ্রুপ Blood Donate Group এর প্রতিষ্ঠাতা Md Atiqur Rahman ভাই একজন কিডনী ডায়ালাইসিস রোগীর জন্য রক্ত দিলেন । আপনারা সবাই রোগী, রক্তদাতা এবং যারা এই মহান কাজে যুক্ত আছে সবার জন্য দোয়া করবেন.... Late post...",,,
1186,True,1,0,not_request,certain,Report of completed donation.,bn,facebook,আলহামদুলিল্লাহ প্রথম বারের মত বি পজিটিভ রক্তদান করলেন Ajmul Hoque Asifভাই💜 সবাই রোগী ও রক্তদাতার জন্য দোয়া করবেন💘 শুভ হোক রক্তদান ভাইয়া😍😍,,,
1320,True,1,0,not_request,certain,Person offering to donate A+ blood.,bn,facebook,আমি ব্লাড দিতে চাই আমার রক্তের গ্রুপ এ(+) <PHONE>,,,
1340,True,1,0,not_request,certain,Unknown patient identification appeal,bn,facebook,একজন অঙ্ঘাত মানুষের কেউ চিনে থাকেন সন্ধান দেন বা পোস্ট শেয়ার করে সহযোগিতা করেন । শনিবার চব্বিশ তারিখ আনুমানিক বিকালে ভর্তি হয়েছে নাম ঠিকানা কোন কিছুই বলতে পারছে না দুটো পা কাটা ময়মনসিংহ মেডিকেল হাসপাতালে সার্জারি বিভাগ ছয় নাম্বার ওয়ার্ড পুরাতন বিল্ডিং এর দুতালায় ভর্তি অবস্থায় আছে। যোগাযোগের ঠিকানা সাইদুল ইসলাম - <PHONE> নাম্বার ওয়ার্ডে ভর্তি আছে রোগী ....ওনার বাড়ী মাএ বলতে পারছে কুমিল্লা তাই কেউ থাকলে একটু দেখবেন প্লিজ । প্লিজ প্লিজ সবাই শেয়ার করুন ।,,,
1397,True,1,0,not_request,certain,"Financial help appeal, not blood.",en,facebook,"Call for Help. Please help this little girl. She has recently gone through a brain surgery and her poor family already spent 4 lacs and still they need 1.5 lacs more to complete her post operative treatment (15 injections, tk 5000 each and other expenses.) Her family is now completely empty and unable to bear the expense. Please help by whatever amount you can contribute. Name: Ashna Akter Tanha Age: 5 Years 10 Months Disease : Meninges Encephalitis With Lt Cerebellar Abcess Northern Hospital Cabin No : 327 Dhanmondi-15 (Old) Dhaka Father Contact : <PHONE> Bkash No: <PHONE> / <PHONE> Bank Details: Dutch Bangla Bank, Banani Branch,Dhaka A/C Name: Md. Shazedur Rahman Shathi A/C No: 103.101.105562 You can give cash. Just call her father if you are around Dhanmondi 15",,,
1400,True,1,0,not_request,certain,Protest about volunteer being insulted.,bn,facebook,"সেচ্ছাসেবীদের আপমান করলে সেটা সহ্য করা হবে না । রাজশাহী মেডিকেল কলেজ হাসপাতাল ব্লাড ব্যাংকের একজন আমাদের এক স্বেচ্ছাসেবক কে দালাল বলে অপমান ও লাঞ্ছিত করায় প্রতিবাদ স্মারক নিয়ে উপস্থিত ছিলাম আমরা কতিপয় সংগঠনের সেচ্ছাসেবক । যেই হোক না কেন, সেচ্ছাসেবীকে অপমান করলে ছেড়ে কথা বলা হবে না৷ আজ পরিচালক মহোদয় না থাকায় প্রতিবাদ লিপি জমা দিতে পারি নি । আগামীকাল দুপুর ১ টায় সকলে আবার রাজশাহী মেডিকেল কলেজ হাসপাতালের সামনে উপস্থিত থাকবো ইনশা আল্লাহ । আপনারা চাইলে আমাদের সাথে যুক্ত হতে পারেন ।",,,
1489,True,0,1,request,certain,Retweet: urgent AB+ blood with contact.,en,ebdr-twitter,"RT @TBNIND: #Kothagudem #Khammam #TG #Urgent AB+ve #Blood, 6Mar,Call:<PHONE> via @CreativeRulesUs RT @HeroManoj1 @WeLoveHYD @renuudesai",,,
1553,True,1,0,not_request,certain,Donor offering availability.,en,ebdr-twitter,RT @MisterRSK: i Am AB+... &amp; Available In Lahore! @BloodDonorsPk @PKBloodDonors,,,
1673,True,1,0,not_request,certain,Donor offering to donate regularly.,tbn,facebook,"A+ blood ami regularly donate korte chai,amr basha Taherpur a, so ase paser keo lagle janate paren",,,
1716,True,1,0,not_request,certain,Donation motivation poem.,bn,facebook,"নেই হারাবার ভয় করি নতুন প্রাণের সন্ঞ্চয় একের রক্ত বইছে অন্যের শিরায় এইতো মানবতার পরিচয় আমার রক্তে যদি সহযোগিতা করে- মুমূর্ষ রোগীর প্রাণ, তাহলে আমি কেন করবোনা স্বেচ্ছায় রক্তদান",,,
1786,True,1,0,not_request,certain,Free cleft surgery announcement.,bn,facebook,"যদি কারো উপকার হয় 🌸 ঠোঁট কাটা তালু কাটা রোগীদের বিনামূল্যে অপারেশন ❤️ আগামী ২১-২৮ মার্চ ২০২২ইং, আন্তর্জাতিক খ্যাতি সম্পন্ন আমেরিকার প্রখ্যাত ম্যাক্সিলোফেশিয়াল সার্জন ডা. শহিদ আর আজিজ এবং ডা. জোসে মার্চেনা ঢাকা ডেন্টাল কলেজ হাসপাতাল, মিরপুর-১৪, ঢাকাতে ঠোঁট কাটা, মাড়ি কাটা ও তালু কাটা রোগীদের বিনামূল্যে অপারেশন করবেন। আগ্রহী রোগীর অভিভাবকদের ১৫ মার্চ, ২০২২ ইং তারিখের মধ্যে অত্র হাসপাতালের ওরাল এন্ড ম্যাক্সিলোফেশিয়াল সার্জারি বিভাগে যোগাযোগ করার জন্য অনুরোধ করা হলো। যোগাযোগঃ আবাসিক সার্জন <PHONE>, <PHONE>",,,
1938,True,1,0,not_request,certain,Islamic channel promotion.,bn,facebook,"আলহামদুলিল্লাহ। রাসুলে আকরাম সা: এর দাওয়াত ও প্রজ্ঞা কেমন ছিল? বিষয়টি সম্পর্কে কিছু আলোকপাত করা হয়েছে, আশা করি সকলেই শুনবেন এবং ভাল মন্দ জানাবেন। স্বাপ্তাহিক ইসলামীক বিভিন্ন বিষয়ে ও সমসাময়িক আলোচ্য বিষয় গুলো নিয়ে আলোচনা শুনতে চ্যনেল টি সাবস্ক্রাইব করে বেল আইকন বাজিয়ে দিন। সকলকে ধন্যবাদ।",,,
1948,True,1,0,not_request,certain,Offer of A+ donor,bn,facebook,এ+ ডোনার রেডি আছে । কারো প্রয়োজন পড়লে জানাবেন । লোকেশন : রাজশাহী মেডিকেল ❤️,,,
2015,True,1,0,not_request,certain,Money scam/loan spam.,en,facebook,How much money do you need right now to solve your immediate problem 🤔 inbox me on WhatsApp <PHONE>,,,
2032,True,1,0,not_request,certain,Praise for volunteer donors.,bn,facebook,"মানবতার ডাকে যেখানেই হোক, যত রাতেই হোক যারা প্রতিনিয়ত মানুষের পাশে রক্তদানে এগিয়ে আসে তারাই তো প্রকৃত মানবতার ফেরিওয়ালা। ছবিতে যাদের দেখছেন সবাই স্বেচ্ছাসেবী রক্ত যোদ্ধা। ❣️❣️❣️❣️❣️❣️❣️❣️❣️ শুভ বিকেল বন্ধুরা।",,,
2242,True,1,0,not_request,certain,HPV vaccine notice,bn,facebook,বিশেষ বিজ্ঞপ্তি: আগামী ২৪ ই অক্টোবর ২০২৪ ইং হতে ঢাকা বিভাগ ব্যতীত ৭টি বিভাগে ১০-১৪ বছর বয়সী সকল কিশোরীদের বিনামূল্যে ০১ ডোজ এইচপিভি টিকা প্রদান করা হবে। টিকা পেতে আজই ১৭ ডিজিটের জন্মসনদ নাম্বার দিয়ে www.vaxepi.gov.bd-এ নিবন্ধন করুন।,,,
2244,True,1,0,not_request,certain,Report of completed donation by group member.,bn,facebook,"আমাদের ব্লাড ডোনেট গ্রুপ Blood donate group এর একজন সদস্য Abdul Khalek Morshed ভাই একজন কিডনী ডায়ালাইসিস রোগীর জন্য রক্ত দিলেন । আপনারা সবাই রোগী, রক্তদাতা এবং যারা এই মহান কাজে যুক্ত আছে সবার জন্য দোয়া করবেন.... -অনি- #HappyBloodDonating #blooddonategroup",,,
2258,True,0,1,request,certain,"3 units AB+ needed for heart surgery, contact given.",en,ebdr-twitter,RT @bld4needy: #Secunderabad 3 Units AB+ve #blood #need on #July_02 for #HeartSurgery at KIMS Hospital Pls Call <PHONE> or <PHONE> #B…,,,
2282,True,1,0,not_request,certain,Motivation for blood donation.,bn,facebook,"পৃথিবীতে যত ধরনের দান-সদাকা আছে তার মধ্যে অন্যতম সদাকা হলো রক্তদান।যার কারণে মানুষের প্রাণ বেঁচে যায়। 📖যে ব্যক্তি কোনো ব্যক্তিকে রক্ষা করল , তাহলে সে যেন সমগ্র মানবজাতিকে রক্ষা করল । [ সূরা মায়েদা আয়াত : ৩২ আংশিক ] যগ্যতা থাকতে ৪ মাস পর পর মানুষকে বাঁচানোর এ চেষ্টা,সুযোগ হাত ছাড়া করব কেন?!",,,
2318,True,0,1,request,certain,Urgent 5 A+ donors at ICU.,en,ebdr-twitter,"URGENT 5 A+ve donors at ICU, Seven Hills Hospital, Marol, Andheri (E) for Patient ID I<PHONE>. Contact Yashodhan... http://fb.me/XjWrkBe6",,,
2335,True,1,0,not_request,certain,Asks about training registration,bn,facebook,"আমি এই গ্রুপের সদস্য, কিভাবে ট্রেনিং নিব আর কিভাবে রেজিস্ট্রেশন করতে হবে, সাহায্য করেন প্লীজ।",,,
2365,True,0,1,request,certain,B-ve blood required urgently in Lahore.,en,ebdr-twitter,B-ve Blood required urgently in #Lahore today after iftari. Please call at <PHONE> plz RT @MrPakistan786 @JAfridi10 @MHafeez22,,,
2375,True,0,1,request,certain,Urgent 3 O-ve donors at hospital,en,ebdr-twitter,"URGENT 3 O-ve donors at Bed no.1, Ward no.5, Harkisandas Hospital, Prarthana Samaj. Contact Viral Jain... http://t.co/lKwUdQK",,,
2531,True,1,0,not_request,certain,Generic invitation quote.,en,ebdr-twitter,"""Coming together is a beginning; keeping together is a progress; working together is SUCCESS"" CBD invites you all! http://t.co/ZopKpYPRTI",,,
2617,True,1,0,not_request,certain,Offer of ready donors,en,facebook,AB+ O- Ready Donor A+ A- (তামিম) লাগলে কল করুন <PHONE> Sylhet,,,
2643,True,0,1,request,certain,Urgent blood required for cancer patient at AIIMS.,en,ebdr-twitter,#Delhi #Urgent Blood required for Cancer patient of any blood group at AIIMS. Contact: Rahul Prashad - <PHONE> via @AAPKA_RK,,,
2740,True,1,0,not_request,certain,Offer of 150+ ready donors.,bn,facebook,"নারায়নগঞ্জে মসজিদে এসি বিস্ফোরণে হতাহত অর্ধশত। ৭১ জন স্বেচ্ছাসেবক এর পরিবার প্লাজমা ব্যাংক, বাংলাদেশ(কভিড-১৯) 🇧🇩 এবং Sushovan Sarker দাদা, বন্ধু কল্যাণ দেব অর্ণব, ভাই Arka Saha র মাধ্যমে প্রায় ১৫০+ ডোনার ব্লাড/প্লাটিলেট ডোনেট করতে প্রস্তুত আছে। যেকোন সময় আমাদেরকে নক করবেন। রক্তের অভাবে একটা মানুষকেও আমরা মরতে দিব না। আল্লাহ সকলের সহায় হোন।",,,
2742,True,1,0,not_request,certain,Personal profile info; unrelated.,en,ebdr-twitter,"Full name ↳ Edwin Rajendra Adirajada. Nick name ↳ Edwin, Win, Ganteng. PoB ↳ Jakarta Capital Relig… https://t.co/kQkZuarB5y",,,
2853,True,0,1,request,certain,Retweet: O+ blood urgently required for bypass.,en,ebdr-twitter,RT @SaveLifePK: O+ #blood required urgently in #lahore for bypass plzzz contact <PHONE>. #SaveLife #SaveLifeFoundation #BeAHero via @bi…,,,
2883,True,1,0,not_request,certain,News about donor gathering and policy demand.,bn,facebook,ঢাকায় দেশের সকল রক্তদাতাদের মিলনমেলা : নিরাপদ রক্ত সঞ্চালন নীতি করার দাবী বিস্তারিত দেখুন এখানে-,,,
2919,True,1,0,not_request,certain,Motivational slogan about blood.,bn,facebook,রক্ত 🩸 এক আশ্চর্য্য উপহার =>যেদেয় তার কিছুই খরচ হয়না। 💝যে পায় তার লাভ পুরো একটা জীবন।❣️,,,
2934,True,1,0,not_request,certain,Cricket tour tweet.,en,ebdr-twitter,RT @imranahmadkh: Please don't cancel the tour @ZimCricketv. We'll make a human chain for you! #CricketComesHome #CricketFightsBack #PAKvZIM,,,
3010,True,1,0,not_request,certain,Report of completed 33rd donation.,bn,facebook,"আলহামদুলিল্লাহ , একজন বৃদ্ধা রক্তস্বল্পতা রোগীকে রক্তদানের মাধ্যমে আমার ৩৩'তম রক্তদান সম্পন্ন🙂 মানবতা'কে এগিয়ে রেখে শতবার করতে চাই এমন রক্তদান...... আপনি-আমি বিবেক'বান, আসুন করি রক্তদান🩸",,,
3027,True,0,1,request,certain,3 bags Bombay blood needed for caesarean.,bn,facebook,"নিজে দিতে না পারলেও পোস্টটি শেয়ার অথবা কপি করে ডোনার খুঁজতে সহায়তা করুন...... 💁 রোগীর সমস্যা -- সিজার 🔴 রক্তের গ্রুপ- বোম্বে(ওহ) 💉 রক্তের পরিমাণ- ৩ ব্যাগ 📆 রক্তদানের তারিখ-ডোনার পাওয়া মাত্রই। ⌚ রক্তদানের সময়- ডোনার পাওয়া মাত্রই। 🏥 রক্তদানের স্থান - শহীদ জিয়াউর রহমান মেডিকেল কলেজ হাসপাতাল, বগুড়া। ☎ যোগাযোগ-<PHONE>",,,
3107,True,1,0,not_request,certain,Prayer retweet,en,ebdr-twitter,RT @MelDMann: Retweet if you think prayer is useful in healing.,,,
3116,True,1,0,not_request,certain,Social post about tea with volunteer donors.,bn,facebook,আলহামদুলিল্লাহ স্বেচ্ছাসেবী রক্তযোদ্ধা ছোট ভাইদের সাথে একটু চায়ের আড্ডা। শুভ বিকেল। #goodafternoon #bestphotochallenge #foryouシ,,,
3158,True,1,0,not_request,certain,Report of completed B- donation.,bn,facebook,আলহামদুলিল্লাহ্ Birampur Blood Bank গ্রুপের সুপার ডোনার আমার দোকানের স্টাফ আমার ভাতিজা Shajib Islam একজন সিজার অপারেশন রোগীকে মূল্যবান এক ব্যাগ B- নেগেটিভ রক্তদান করেছে। রোগী ও ডোনারের জন্য শুভকামনা রইল।,,,
3182,True,1,0,not_request,certain,Scam warning,bn,facebook,এই প্রতারক আমাকেও কল দিয়ে বলে কবে নাকি ব্লাড দিছে আর এখন টাকা দাবি করে! সে যে প্রতারক আমি বুঝে ফেলাতে গালাগালি করে। সবাই সাবধান এই জা*য়ার থেকে।রক্তদানের মত একটা মহৎ কাজ নিয়ে ধান্দা করতেছে,,,
3183,True,1,0,not_request,certain,List of ready donors available in Sylhet; an offer.,bn,facebook,আলহামদুলিল্লাহ রেডি ডোনার সিলেটের মধ্যে A+=5 টা Ab+=3 টা A-=2 টা Ab-=2 টা B+=4 টা B-=2 টা O+=4 টা O-=2 টা যোগাযোগ করুন -<PHONE> এখানে রক্ত বিক্রয় হয় না সেচ্ছায় দেওয়া হয়। কোনো প্রকার টাকা লেনদেন করবেন না। টাকা লেনদেন করে দয়া করে প্রতিষ্ঠানের নাম নষ্ট করবেন না ধন্যবাদ।,,,
3235,True,1,0,not_request,certain,Lists ready donors available; an offer.,bn,facebook,আলহামদুলিল্লাহ রেডি ডোনার সিলেটের মধ্যে এ পজিটিভ =৩ টা এবি পজিটিভ =২ টা বি পজিটিভ =৪ টা ও পজিটিভ =৩ টা এ নেগেটিভ =২ টা এবি নেগেটিভ =২ টা বি নেগেটিভ =৩ টা ও নেগেটিভ = ২ টা যোগাযোগ করুন -<PHONE> এখানে রক্ত বিক্রয় হয় না সেচ্ছায় দেওয়া হয়। কোনো প্রকার টাকা লেনদেন করবেন না। টাকা লেনদেন করে দয়া করে প্রতিষ্ঠানের নাম নষ্ট করবেন না ধন্যবাদ।,,,
3311,True,1,0,not_request,certain,Donor offer; donation completed.,en,facebook,O+ blood donor is ready. Contact me through BBB Update↴ Donation completed,,,
3336,True,1,0,not_request,certain,Job ad,bn,facebook,"🥳 *কাজের খবর* 🥳 ❌আসসালামু আলাইকুম❌❌ *চাকরি,ব্যবসা এবং পড়াশুনার পাশাপাশি ক্যারিয়ার গড়ার সুযোগ। ইনকাম করুন ঘরে বসে সেটাও আবার নিজের মোবাইল দিয়ে❌ ✅শিক্ষাগত যোগ্যতা নূন্যতম: মাধ্যমিক পাশ। যারা কাজ করতে চান ইনবক্সে যোগাযোগ করুন।*❌✅",,,
3421,True,1,0,not_request,certain,"Report of completed donation, asks prayers.",bn,facebook,"প্রথমবারের মতো বড় ভাই থ্যালাসেমিয়া রুগীকে (O+)রক্ত দিলেন,রক্ত দাতা এবং রুগীর জন্য দোয়া করবেন সবাই। Alhamdulillah",,,
3482,True,1,0,not_request,certain,"Registration notice, unrelated.",en,facebook,after few months later registration process going on so do it now.,,,
3508,True,1,0,not_request,certain,Donors introducing themselves.,bn,facebook,"আসসালামু আলাইকুম, আসেন র*ক্তদাতা সকলে একে অপরের সাথে পরিচিত হই। আমি বি+, দিনাজপুর, বিরামপুর। আর আপনি?❓",,,
3543,True,0,1,request,certain,Urdu retweet: O- blood urgently needed for patient.,en,ebdr-twitter,RT @soonvalleynews: جوہرآباد: ثوبیہ اکرم ہسپتال میں ایک مریضہ کو اونیگیٹو O- خون کی اشدضرورت عطیہ خون کےلیئے رابطہ <PHONE> @BloodDonors…,,,
3595,True,1,0,not_request,certain,Offer to donate A+ in Dhaka.,bn,telegram,"ঢাকার ভিতরে কারো A+ রক্ত লাগলে যোগাযোগ করতে পারেন?? - আমি প্রস্তুত আছি, ইনশাআল্লাহ। যোগাযোগ : <PHONE>",,,
3649,True,0,1,request,certain,Retweet: O+ blood urgently required for bypass.,en,ebdr-twitter,RT @SaveLifePK: O+ #blood required urgently in #lahore for bypass plzzz contact <PHONE>. #SaveLife #SaveLifeFoundation #BeAHero via @bi…,,,
3856,True,0,1,request,certain,O+ blood urgently required for bypass in Lahore.,en,ebdr-twitter,RT @SaveLifePK: O+ #blood required urgently in #lahore for bypass plzzz contact <PHONE>. #SaveLife #SaveLifeFoundation #BeAHero via @bi…,,,
3888,True,1,0,not_request,certain,Donation slogan.,bn,facebook,"একের রক্ত অন্যের জীবন, রক্তই হোক আত্মার বন্ধন । রক্তদানের আনন্দ ছড়িয়ে পড়ুক সবার মাঝে",,,
3914,True,1,0,not_request,certain,Job advertisement.,bn,facebook,"জরুরী ভিত্তিতে গ্লোবাল হেলথ্ কাউন্সিল (Global Health Council) কর্তৃক- জেলা ভিত্তিক সরকারি/বেসরকারি হাসপাতালের জন্য জনবল নিয়োগ প্রকাশ। আবেদন করতে What's App নাম্বারে সিভি/বায়ুডাটা, জাতীয় পরিচয় পত্রের কপি, আপনার ছবি জমা দিন। <PHONE> (What's App নাম্বার) ★পদবীঃ ছেলেঃ ওটি সহকারী, ল্যাব সহকারী, ওয়াডবয়, ফার্মাসিস্ট। মেয়েঃ ওটি সহকারী, ল্যাব সহকারী, রিসেপশনিস্ট। ★পদের নাম :পরবর্তী ধাপে নির্ধারন করা হবে। ★বেতন স্কেল :-১৫,৩০০-২৫,৪৯০ টাকা। ★শিক্ষাগত যোগ্যতা: ৮ম (JSC/JDC)/এসএসসি (SSC)/এইচএসসি (HSC) পর্যন্ত। ★নাগরিকত্ব: বাংলাদেশী, (ছেলে-মেয়ে উভয়ই আবেদন করতে পারবেন)। ★বয়সসীমা: ১৭ বছর ০৬ মাস থেকে ৩৪ বছর। ★সকাল ৯টা থেকে সন্ধ্যা ৬টা পর্যন্ত ★বিস্তারিত জানতে যোগাযোগ করুনঃ 📞<PHONE> ★নিজ জেলায় ট্রেনিং ও যোগদানের সুযোগ রয়েছে। ★নির্ধারিত ফি বাবদ।",,,
4015,True,1,0,not_request,certain,Offer: AB+ and O+ donors ready.,bn,facebook,"AB+ ডোনার রেডী লোকেশানঃ লাকসাম,মনোহরগন্জ। ও+ ডোনার রেডি লাকসাম প্রয়োজনে রুগির বিস্তারিত নিয়ে ইনবক্সে আসবেন। বি:দ্র: লোকেশনের বাহিরে হবে না।",,,
4050,True,1,0,not_request,certain,Offer: willing to donate AB+.,bn,facebook,এবি পজেটিভ ব্লাড দিতে ইচ্ছুক। রোগীর বিস্তারিত দিয়ে ইনবক্সে যোগাযোগ করুন। শুধু মাত্র বিরামপুরের ভিতরে 🤟,,,
4080,True,1,0,not_request,certain,Offer of O+ donor,bn,facebook,ও পজেটিভ রেডি ডোনার! লোকেশনঃ মুরাদনগর কমিল্লা। কারো লাগলে বিস্তারিত দিয়ে ইনবক্সে যোগাযোগ করুন!,,,
4193,True,1,0,not_request,certain,Online job advertisement.,bn,facebook,অনলাইন কাজ আমাদের 50 জন লাগবে. বেতন: ৮০০০ থেকে ১৫০০০ টাকা. কাজের ধরন: ফরম ফিলাব করা | প্রয়োজনীয় জিনিস: মোবাইল /কম্পিউটার ২টার একটা থাকলেই হবে. আপনাকে ৪ ঘণ্টা কাজ করতে হবে। আপনি চাইলে ২ ঘণ্টা ৩ ঘণ্টা করে কাজটি শোষ করতে পারবেন। কারন কাজ খুব সহজ. সুবিধা : ১ বাড়িতে বসে করতে পারবেন ২ পড়াশুনার পাশাপাশি করতে পারবেন. সপ্তাহে ৭ দিন কাজ করতে হবে। আপনারা যারা আগ্রহী কাজটা করার জন্য আপনারা আমাকে ইনবক্স করবেন। যদি fake মনে হয় তারা দয়া করে এড়িয়ে যাবেন কিন্তু কখনো খারাপ মন্তব্য করবেন না প্লিজ নিজের পরিবারের পরিচয় দিবেন না খারাপ মন্তব্য করে. ধন্যবাদ সকল কে..,,,
4643,True,0,1,request,certain,"Urgent A+ blood at hospital, contact given.",en,ebdr-twitter,"RT @TBNIND: #Bengaluru #urgent A+ve #Blood @ Jayadeva Hosp, BG Road.Call:<PHONE> via @svraghunandan",,,
4739,True,1,0,not_request,certain,"Advice to donors about taking leave when called; awareness, no specific need.",bn,facebook,"👉সেচ্ছাসেবীরা সর্বোচ্চ চেষ্টা করে আপনার ফ্রি সময়ে আপনাকে রক্তের জন্য নক করতে।তবে অতি ইমার্জেন্সি মুহূর্তে আপনার চাকরি বা ব্যাস্ত মুহুর্তেও নিরুপায় হয়ে আপনাকে কল দিতে বাধ্য হয়।👇 তাই রক্তের জন্য কল আসলে চেষ্টা করুন আপনার বসকে(ছুটি ব্যাবস্থারীকে) এব্যাপারে জানিয়ে ১-৩ ঘন্টা ছুটি চাইতে।আমার মনেহয় বেশিরভাগ মানুষই না করবেনা।যদি ছুটি নাদেয় তাহলে ভিন্ন বিষয়। 📌এতে মানবিক অনুভুতি আপনার বস ও সহকর্মীদেরও যাগ্রত হবে ইনশাআল্লাহ। 📔যে ব্যক্তি কোনো ব্যক্তিকে রক্ষা করল , তাহলে সে যেন সমগ্র মানবজাতিকে রক্ষা করল । [ সূরা মায়েদা আয়াত : ৩২ ] 🤲মানুষকে বাঁচাতে যারা যেভাবে কাজ করেন, আল্লাহ তাদের উত্তম প্রতিদান দান করুন।",,,
4777,True,1,0,not_request,certain,Missing person post.,bn,facebook,"নাম : মমিন (বুদ্ধি প্রতিবন্ধী) পিতার নাম : মো: খলিল প্রা: গ্রাম : দ্বীপচর, লাউদ্বাড়া থানা : পাবনা, সদর জেলা : পাবনা আজ সকালে রাজশাহী বেড়াতে গিয়ে হারিয়ে গিয়েছে। যদি কোনো ভাই এর সন্ধান পেয়ে থাকেন, তাহলে দয়া করে নিচের নাম্বারে যোগাযোগ করে জানাবেন। মোবাইল নাম্বারঃ <PHONE>",,,
4822,True,1,0,not_request,certain,Reports completed donation by imam.,bn,facebook,"আলহামদুলিল্লাহ ইমাম যখন তার ই মুসল্লিকে রক্ত দেন, ডোনেট করাতে এসে এমন অভিজ্ঞতা সত্যিই আনন্দদায়ক। কসবা সাগরপুর জামে মসজিদের সম্মানিত ইমাম এবং মাহমুদুল মাদারিস বিরামপুর এর প্রধান শিক্ষক শ্রদ্ধেয় H M Riyaj ভাই আজ বিরামপুর স্বাস্থ্য সেবা ক্লিনিকে উনার ই এক মুসল্লিকে একব্যাগ বি পজিটিভ ব্লাড ডোনেট করেন। আল্লাহ নিশ্চয় উনাকে উত্তম প্রতিদান দেবেন।। OAB Blood Bank এবং Birampur Blood Bank এর পক্ষ থেকে ডোনার এবং রোগীর জন্য দোয়া ও শুভকামনা রইলো 🌸💜",,,
4857,True,1,0,not_request,certain,Thanking posters; unrelated.,tbn,facebook,"Thank you for your great posts this week: Shiphat Rahman, Syed Anwarul Azim Yead and Madhab Chandra Das! Keep it going by thanking someone in the comments below.",,,
4939,True,0,1,request,certain,Retweet: B+ blood needed in Madurai hospital.,en,ebdr-twitter,RT @Raktabhaa: #Madurai Need B+ve #Blood @ Vadamalayan Hosp. Call <PHONE> via @halovivek @manoj__1,,,
5076,True,1,0,not_request,certain,Condolence for blood foundation founder,bn,facebook,পঞ্চগড় ব্লাড ফাউন্ডেশনের উদ্দ্যেক্তা #সাব্বির_ভাই গতকাল এক সড়ক দূঘটনায় ইন্তেকাল করেছেন। ইন্নানিল্লাহি ওয়া ইন্না ইলাইহি রাজিউন। আমারা তার সমবেদনা জানাচ্ছি। এবং মরহুমের আত্নার মাগফেরাত কামনা করছি। #আল্লাহ_যেন_তাকে_জান্নাতুল_ফেরদাউস_নসীব_ করেন। #আমিন,,,
5,False,1,1,request,certain,Gunshot victim needs O+ blood at Dhaka Medical immediately.,bn,telegram,পলক সানজিদ শুভর বুকে গুলি লেগেছে ইমিডিয়েটলি ঢাকা মেডিকেলে O+ ব্লাড প্রয়োজন কমিউনিকেশন ডিসওয়ার্ডার এফ আর হল <PHONE> Call: <PHONE>,,,
8,False,1,1,request,certain,One bag A+ needed for thalassemia patient.,bn,facebook,একটি মানবিক আবেদন এক ছোট ভাইয়ের জন্য এক ব্যাগ এ + রক্তের প্রয়জোন স্হানঃ জিয়া মেডিকেল বগুড়া গ্রুপঃ A+ সময়ঃ দুপুর ১২টার মধ্য রোগীর সমস্যাঃ থ্যালাসেনিয়া মোবাঃ<PHONE>রোগীর বড় ভাই ( তৌফিক),,,
11,False,1,1,request,certain,Very urgent 2 units for cancer patient in Delhi.,en,ebdr-twitter,"@BloodAid @iCanSaveLife @BloodDonorsIn @bld4needy @roshni03 @bloodgroups4u @BloodConnect01 @TajinderBagga @RadioMirchi @RedFMIndia #Delhi 11th July Very Urgent .. Cancer Patient Blood group: Any 2 unit BLK hospital, Rajendra place Mob: <PHONE> Come forward n support",,,
15,False,0,0,not_request,certain,Asking laptop buying advice; unrelated.,bn,banglatlit,ভাই একটা ল্যাপটপ কিন্তু চাচ্ছি। গ্রাফিক এর কাজ করবো.. কিন্তু বুঝতেসিনা কোন ব্রান্ড ভালো বা কন ফিসার গুলা ভালো হবে প্লিজ ভাই হেল্প মি(<PHONE>) টাকার মধ্যে।,,,
17,False,1,1,request,certain,1 bag A+ for thalassemia patient in Rajshahi.,bn,facebook,😰রোগীর সমস্যা👉: থ্যালাসেমিয়া। 📍রক্তের গ্রুপ👉: এ পজিটিভ 💉রক্তের পরিমাণ👉:১ ব্যাগ 💮 হিমোগ্লোবিন👉: ৭.৫ 📆রক্তদানের তারিখ👉১৪/০৭/২০২৩ রোজঃ শুক্রবার। ⌚রক্তদানের সময়👉: সকাল ১০-১ টার মধ্যে 🏥রক্তদানের স্থান👉 রাজশাহী প্রাইভেট ব্লাড ব্যাংক। ☎যোগাযোগ👉: <PHONE>. Husband বিঃদ্রঃ- নিজে না দিতে পারলে কপি শেয়ার করে মানবতার কাজে সাহায্য করেন।,,,
20,False,0,0,not_request,certain,Blood test result statement.,bn,curated-adversarial,রক্ত পরীক্ষার ফলাফল আগামীকাল সকালে পাওয়া যাবে।,,,
24,False,1,1,request,certain,Urgently required platelets for friend's mother.,en,ebdr-twitter,@BloodDonorsIn Urgently required platlets. A+ n A- blood group people. as my friend's mother is hospitalized in med… https://t.co/zBadDcXC0X,,,
37,False,0,0,not_request,certain,Documentary description,bn,curated-adversarial,ডকুমেন্টারিতে দূরবর্তী এলাকায় রক্তদানের লজিস্টিক্স নিয়ে আলোকপাত করা হয়েছিল।,,,
38,False,0,0,not_request,certain,Hosting discussion,bn,banglatlit,ভাইয়া লাইফটাইম তো ক্রেজিহোস্ট ও দিছিলো.. পরে ঠিকই পেইড এ চলে গেছে… এখন ফ্রি বাদ.. এটাও এমন করবে কি.. কারণ সব কিছু আপলোড করে ওয়েবসাইট রেডি করে যখন ওয়েবসাইট ট্রান্সফার করতে হয় কখুব প্যারা…বলা যায় নতুন মিরে করতে হয় অন্য হোস্টিং এ,,,
41,False,0,0,not_request,certain,Tech question about IMEI.,bn,banglatlit,আপনার সুন্দর পোস্ট এর জন্য ধন্যবাদ… ব্রো… মোবাইল এর ইমিই চেঞ্জ করলে পরে আবার আগের মতো ইমিই কীভাবে করব….. নাকি ফেইক ইমিই অ্যপ্স অনলি গেইম এ ইনফো সার্ভ করবে… মোবাইল এর অরিজিনাল ইমিই আগের মতোই থাকবে… আর এর জন্য ফোন রুট করা লাগবে? একটু ক্লিয়ার করে বলবেন… প্লিজ,,,
45,False,1,1,request,likely,"O+ for serious patient, hospital and contact listed.",en,ebdr-twitter,#Lahore O+Positive Patient Condition: Serious Hospital: Pak Medical Clinic Bedian Road. Contact Person: Jawad Haider <PHONE>,,,
55,False,0,0,not_request,certain,Earning points discussion.,tbn,banglatlit,1000 point korte hole 1 week+ khat te hobe ja dhorjer bahire..tarpor koto din por peyment dibe tar kono niyom nai 1 week o hote pare abar 1 month o hote pare.,,,
59,False,1,1,request,certain,2 bags A- needed for operation in Comilla.,bn,facebook,💁রোগীর সমস্যা: অপারেশন 💉রক্তের গ্রুপ:এ নেগেটিভ 🔴রক্তের পরিমান: ২ ব্যাগ 📆রক্তদানের তারিখ: রক্তের মিল হলেই অপারেশন ⌚যত তাড়াতাড়ি সম্ভব হয় 🏥রক্তদানের স্থান: কুমিল্লা মুন হাসপাতাল ☎️যোগাযোগ:<PHONE> এটু দয়া করেন ভাইয়েরা,,,
63,False,1,1,request,likely,"Structured A- blood need with hospital, ward and phone.",en,facebook,"Blood group : A (-) negative Reason : unstable for operation Hemoglobin low Hospital name : Bardem (12tola) ward -123, Seat no. 1246. Mbl no: <PHONE>",,,
74,False,1,1,request,certain,B+ blood needed for dialysis patient at Bogura.,tbn,facebook,B+ blood lagba emrjancy* Name: Sohidul Islam. Problem: ডায়ালায়সিস Place : Bogura madical hospital. Basa: uposhor bogura. 2 ta kidni e damage. Per week a 2 bar kore dayalisis kora lage. Plz contract me👉<PHONE>,,,
76,False,1,1,request,certain,"Urgent 2 bags O+ for operation, hospital and contact",bn,facebook,"জুরুরি রক্তের প্রয়োজন আগামীকাল রবিবার রাত ১০ টার ভেতরে (O positive) ও পজিটিভ... সোমবার সকাল অপারেশন হবে, ২ ব্যাগ রক্তের প্রয়োজন.. একজন অসহায় মানুষ কে সাহায্যে করুন 🤲🏼 এম এ জি ওসমানী মেডিকেল কলেজ হাসপাতাল <PHONE> এই নাম্বারে যোগাযোগ করবেন",,,
77,False,0,0,not_request,certain,Historical text about parliament building.,bn,banglatlit,তৎকালীন পাকিস্তান সরকার পূর্ব পাকিস্তান (বর্তমান বাংলাদেশ) ও পশ্চিম পাকিস্তানের (বর্তমান পাকিস্তান) জন্য আইনসভার জন্য জাতীয় সংসদ ভবনের নির্মাণ শুরু হয় ১৯৬১ সালে।,,,
91,False,1,1,request,certain,Retweet: O- blood required in Karachi.,en,ebdr-twitter,RT @SaveLifePK: O- #blood group required in #karachi. Please contact on <PHONE>. #SaveLife #SaveLifeFoundation #BeAHero via @BDonorsPak…,,,
97,False,1,1,request,certain,One bag AB+ needed at Khulna hospital.,tbn,facebook,#AB+ kal sokal 8 tar moddhe Khulna 250 Bed hospital a 1 bag AB+ blood needed...kew dite chailey amr sathe contact koren.....r nah parle atleast #share kre hlp kren..... Contact no :<PHONE>,,,
99,False,0,0,not_request,certain,Complaint about internet speed post.,tbn,banglatlit,"Sobaike bolci,,connect howar somoi time dekhen 10:42 bajce r download a speed dekhanor somoi 1:17 bajce…vai,,sobai ke evabe dhoka deyar ki dorkar??real post diye parle aktu upokar koren r nahole post deyar dorkar nai",,,
109,False,1,1,request,certain,A- one bag needed for dialysis patient.,bn,facebook,"জরুরী এক বৃদ্ধা নানুর কিডনি ডায়ালসিসের জন্যে আজ বিকাল ৫ টার ভিতর এক ব্যাগ এ(-)নেগেটিভ রক্তের দরকার। রুগীর বাসা হাসপাতালের কাছে তাই ডোনার পেলেই হাসপাতালে রুগী এসে পরবেন। স্থান:ইসলামি ব্যাংক হাসপাতাল,কাকড়াইল ঢাকা। যোগাযোগ : <PHONE> (রুগীর নাতী)",,,
111,False,1,1,request,certain,O+ 2 bags for blood cancer patient,bn,facebook,"জরুরী ভিত্তিতে ব্লাড ক্যান্সার রোগীর জন্য রক্তের প্রয়োজন। রোগীর সমস্যাঃ ব্লাড ক্যান্সার রক্তের গ্রুপঃ O+ রক্তের পরিমাণঃ ২ ব্যাগ রক্তদানের স্থানঃ ওসমানী মেডিকেল কলেজ হাসপাতাল,সিলেট রক্তদানের সময়ঃ আজ যোগাযোগঃ<PHONE>",,,
116,False,1,1,request,certain,Emergency 2 bags AB+ needed.,bn,telegram,ইমার্জেন্সি ২ ব্যাগ AB positive রক্তের প্রয়োজন। যোগাযোগ জনি... <PHONE> স্থান ঢাকা পঙ্গু হাসপাতাল। রক্তের জন্য রোগীর অপারেশন বন্ধ আছে।,,,
130,False,0,0,not_request,certain,Blood sugar supplement advertisement.,en,ebdr-twitter,Syntratech Syntra5 - Multi-Faceted Blood Sugar Support Formula - Assists In Maintaining Healthy Blood Sugar Levels https://t.co/LCbmZeo6ml,,,
145,False,0,0,not_request,certain,Asking how many times people donated.,bn,facebook,আমার (A+) এ পজেটিভ আপনার ব্লাড গ্রুপ কি.? এইটার স্বাদ কতবার নিয়ছেন? কত তম বার এর অপেক্ষায় আছেন,,,
151,False,1,1,request,certain,AB- blood 2 bags needed at Evercare with contact.,tbn,telegram,"Name. Golam reshad tomal Adress. Evercare hospital,Dhaka Near jamuna future park Reason: মাথায় কোপ দিছে 🙂 Koi bag. 2 bag ( apatoto 1 bag emergency) Contact.<PHONE> AB(-)ve 30 min - 1 hour's er মধ্যে Please kindly Help anyone",,,
154,False,1,1,request,certain,AB+ blood needed urgently for patient.,bn,facebook,AB+ রক্ত দরকার আর্জেন্ট আমার রোগীর টিউমার আছে সাথে ডেলিভারী আমরা ২ ব্যাগ ম্যানেজ করেছি। ১ ব্যাগ দিয়ে দিছে আরেক ব্যাগ টানা আছে। ডেলিভারীর সাথে অপারেশন হতে পারে যদি টিউমারের যদি কোন ক্ষতি হয়। হঠাৎ করে ধরা খেয়েছে। তাই আমরা রক্ত ম্যানেজ করার চেষ্টা করতেছি। হিমোগ্লোবিন - 9.6 Mahamudul Hasan Mahamudul Hasan Piaus Siraj-Khaleda Memorial Cantonment Board General Hospital <PHONE>,,,
159,False,1,1,request,certain,"A+ blood needed at Impulse Hospital, emergency.",bn,facebook,"A+ পজেটিভ ব্লাড দরকার... লোকেশন : তেজগাঁও,,, Impulse Hospital... ইমারজেন্সি, প্লিজ হেল্প...🙏 কেউ আগ্রহী থাকলে আজকে রাতের মধ্যে জানাবেন... ধন্যবাদ...",,,
166,False,0,0,not_request,certain,Crypto project chat.,bn,banglatlit,"হুম ব্রো... আপনারা হচ্ছেই মহৎ কোনো লাভ ছাড়াই সবাইকে অনেক কিছুই শিখান... আপনাদের সাথে আমি আমাকে তুলনা করবো না, কারণ টাকা ছাড়া আমরা একটা সাউন্ড ও করি না.... বাট থাকতে পারে আমি কোনো এক্সচেঞ্জ এ এখনো ৫০$ এ আইইও দেয় নাই... ১০+ সাকসেসফুল প্রজেক্ট চালাইসি…….. গুড লাক",,,
174,False,1,1,request,certain,B- blood appeal for child's surgery at Rajshahi Medical.,bn,facebook,রাজশাহী মেডিক্যাল এ ভর্তিরত একজন ছোট বাচ্চার আগামী কালকে দুপুরে অপারেশন হতে যাচ্ছে। বাচ্ছাটির রক্তের গ্রুপ বি নেগেটিভ রক্ত সংগ্রহ করার অনেক চেস্টা করা হচ্ছে কিন্তু পাওয়া যাচ্ছে না যদি কোন নিদয় বান ব্যক্তি থাকেন তাহলে বাচ্ছাটির প্রাণ রক্ষার্থে ব্লাড দিয়ে সাহায্য করুন <PHONE> (মিনার),,,
181,False,1,1,request,certain,Retweet: B- blood required in Islamabad.,en,ebdr-twitter,RT @SaveLifePK: B- #blood group required in #islamabad. Please contact on <PHONE>. #SaveLife #SaveLifeFoundation #BeAHero via @BDonorsP…,,,
186,False,1,1,request,certain,Needs A+ blood for friend's father urgently.,en,facebook,Friends...I need A(+ve) Blood for 1 of my friends father. Urgent in Dhaka. Anyone here with Blood group A(+ve) and in dhaka ? Kindly call Me <PHONE> or knock here..,,,
188,False,1,1,request,certain,Urgent B+ blood needed for patient,bn,facebook,জরুরী রক্তের প্রয়োজন। কাল সকাল ৮ টার মধ্যেই লাগবে। রোগীর অবস্থা ভালো না। রোগীর নামঃ তানজিনা রক্তের গ্রুপঃ B Positive (+) রক্তের পরিমানঃ ১৫ ব্যাগ যোগাযোগঃ <PHONE>,,,
189,False,0,0,not_request,certain,Looking for housemates.,en,ebdr-twitter,RT @frshadhaa: Hello gais! kitaorang urgent nak cari housemate area kolej poly-tech mara kuantan kg telok mahang. nak cukupkan 10 orang. ka…,,,
193,False,0,0,not_request,certain,Medical camp felicitation; unrelated.,en,ebdr-twitter,"RT @NajmaFatmaINC: Felicitation of Doctor's At Ambedkar Nagar, Cuffe Parade Medical Check up Camp by Shri @BhaiJagtap1 MLC under supervisi…",,,
195,False,0,0,not_request,certain,"Fan picture post, unrelated.",en,ebdr-twitter,RT @haechanpics: 180624 😭💘 — cr. young blood https://t.co/dKhhexDG4U,,,
207,False,1,1,request,certain,Needs 3 bags B- blood for mother in Rangpur.,bn,facebook,"গতকাল এক ফুটফুটে সুন্দর শিশু ভুমিষ্ঠ হলো... কিন্তু শিশুটি তার মা কে হারাতে যাচ্ছে.. হয়তো জন্মদাত্রী মাকে আর সারা জীবন 'মা' বলে ডাকতে পারবে না। কারন ওর মা এখন মৃত্যুশয্যায় শায়িত!! ওর মায়ের খুব রক্তপাত হয়েছে। Shock এ চলে গেছে। সেই মায়ের জন্য দূর্লভ গ্রুপের ৫ ব্যাগ #বি_নেগেটিভ (B-ve) রক্তের প্রয়োজন। ২ ব্যাগ ম্যানেজ করে গেছে আর ৩ ব্যাগ প্রয়োজন। রোগী রংপুর মেডিকেল হাসপাতালে Gynae বিভাগে আছে। রক্তদাতা পাওয়া যাচ্ছে না। রুগির অবস্থা আস্তে আস্তে খারাপের দিকে যাচ্ছে। প্লিজ নিজে দিতে না পারলে সর্বোচ্চ #কপি_পেস্ট, #শেয়ার করে রক্তদাতা যোগাড় করতে সহায়তা করুন। যোগাযোগঃ জুলফিকার আলী নাসির <PHONE> copied বিঃদ্রঃ- যেকোনো তথ্য জানতে উপরের নম্বরে ফোন করবেন",,,
211,False,0,0,not_request,certain,Seminar announcement about blood diseases.,bn,curated-adversarial,হাসপাতাল রক্ত সম্পর্কীত রোগের উপর একটি সেমিনারের আয়োজন করছে।,,,
215,False,0,0,not_request,likely,"Asks for hospital name; follow-up, not itself an appeal.",en,ebdr-twitter,@ShrutiRedFm Please share hospital name. Thanks!! #BloodMatters,,,
220,False,0,0,unsure,likely,Only hospital name tagged to blood accounts; context missing.,en,ebdr-twitter,"@BloodAid @lijinkumar3 @BloodDonorsIn @bld4needy @blood_indore @BlooDonorsCG @iCanSaveLife @BloodConnect01 @bloodplusapp @Raktabhaa Billroth hospital, shenoy nagar",,,
223,False,1,1,request,certain,B+ blood needed today with hospital and contact.,bn,facebook,"বি পজিটিভ রক্ত লাগবে! রোগীর সমস্যাঃ হিমোগ্লোবিন কম রক্ত দানের সময়ঃ আজকেই যত দ্রুত সম্ভব দেয়ার স্থানঃ আদর্শ হসপিটাল, সালাউদ্দিন মোড় যোগাযোগঃ <PHONE> ধন্যবাদ",,,
228,False,0,0,not_request,certain,News headline,bn,banglanmt,কাউকে খালি হাতে ফিরতে হবে নাঃ অর্থমন্ত্রী,,,
229,False,0,0,not_request,certain,Research statement.,bn,curated-adversarial,মেডিকেল কলেজে রক্তদাতাদের মধ্যে রক্তের গ্রুপ ভিত্তিতে প্রভাব নিয়ে একটি গবেষণা চলছে।,,,
240,False,1,1,request,certain,Retweet: A+ blood required at hospital.,en,ebdr-twitter,"RT @SherKhan77: RT @T4PTI: A+ blood required, pakistan steel mills hospital. <PHONE> Plz RT @BloodDonorsPk",,,
244,False,1,1,request,certain,Urgent B+ required for surgery,en,ebdr-twitter,@BloodDonorsIn Urgent B+ blood group required for a surgery in Manipal hospital (Whitefield) Bangalore. My Friend's… https://t.co/7Z2vFRSo5x,,,
245,False,0,0,not_request,certain,News about river protection.,bn,banglanmt,"তিনি বলেন, দেশের ছোট ছোট নদী রক্ষার জন্য জরুরি পদক্ষেপ নিতে বলেছেন প্রধানমন্ত্রী।",,,
270,False,1,1,request,certain,2 bags AB- needed for accident patient at Dinajpur.,bn,facebook,জরুরী ভিত্তিতে একজন ভাইয়ের জন্য ২ ব্যাগ AB ( -)ve নেগেটিভ রক্ত দরকার দিনাজপুর মেডিকেল কলেজ হাসপাতালে। ভাইয়ের সমস্যা: বিগত ১৭ দিন আগে রোড এক্সিডেন্ট করে কোমায় ছিল গতকালকে তার অপারেশন করা হয়। বর্তমানে তার রক্তের পরিমাণ ৭.২ % কারো কাছে এমন কেউ থাকলে অনুগ্রহ করে যোগাযোগ করুন প্লীজ 🙏🙏🙏🙏 রোগীর বড় ভাই.....নাম জাহিদুল মোবাইল: <PHONE> @highlight,,,
274,False,0,0,not_request,certain,"Literature text, unrelated.",bn,banglatlit,"তাঁর রচিত গ্রন্থগুলির মধ্যে ‘বাংলা মঙ্গলকাব্যের ইতিহাস’, ‘বাংলার লোকসাহিত্য’, ‘বাইশ কবির মনসামঙ্গল’, ‘পুরুলিয়া থেকে আমেরিকা’ প্রভৃতি উল্লেখযোগ্য।",,,
283,False,1,1,request,certain,"O- blood badly needed, contact given.",bn,facebook,ও নেগেটিভ রক্তের খুব প্রয়োজন। কোনো হৃদয়বান ব্যক্তি থাকলে ইনবক্সে যোগাযোগ করুন। /<PHONE>...call korun..,,,
284,False,1,1,request,certain,Two blood bottles needed for friend's mother at Jinnah hospital.,en,ebdr-twitter,Urgently Two blood bottles are required for my friends mother in jinnah hospital .can anyone arrange .please do con… https://t.co/aljNrJ0mbe,,,
289,False,1,1,request,certain,One bag B+ needed for post-caesarean patient.,bn,facebook,আজ বিকেলে বিরামপুর রাইয়ান ক্লিনিকে সিজারিয়ান সেকশন অপারেশন পরবর্তী রক্তস্বল্পতা রোগীর জন্য এক ব্যাগ B+ রক্ত প্রয়োজন। আগ্রহী রক্ত দাতাকে কমেন্ট করার জন্য অনুরোধ করছি।,,,
290,False,1,1,request,certain,Retweet: platelets urgently required for hospitalized mother.,en,ebdr-twitter,RT @Youhu_Tarazu: @BloodDonorsIn Urgently required platlets. A+ n A- blood group people. as my friend's mother is hospitalized in medanta (…,,,
300,False,0,0,not_request,certain,File upload site question; unrelated.,bn,banglatlit,"সাপোর্ট টিম, ফাইল আপলোডের জন্য কোন জন সাইট ইউজ করা যাবে? আপ-ফরএভার ইউজ করা যাবে?কারন ৯০% সাইটে ফাইল রিমুভ করার ডেট থাকে আর ঐগুলাতে সাইজেরও লিমিট থাকে..স্পিড তো কম ওই..তো এক্ষেত্রে আপ-ফরএভার ইউজ করতে পারবো কি? এটা থেকে সবাই ডাউনলোড করতে পারবে বেটার স্পিডে..",,,
303,False,1,1,request,certain,Urgent 5 O- donors today at hospital.,en,ebdr-twitter,"URGENT 5 O-ve donors today at Room no.510, Asian Heart Inst, Bandra-Kurla Complex, Mumbai. **C/o Mrs Keerthi... http://t.co/9xs2SrUWyZ",,,
307,False,0,0,not_request,certain,Camp promotion retweet.,en,ebdr-twitter,"RT @ImVicky_insan: ♥🎸MSG🎸♥ 🌹True Saint🌹 ☝ॐ ☪ ੧ਓ ✝☝ #FreeMonthlyCheckupCamps Apart from the checkup of poor people, blood donation camps are…",,,
310,False,1,1,request,certain,Three bags O+ needed for operation patient.,bn,facebook,Assalamu Alaikum একজন অপারেশনের রোগীর জন্য তিন ব্যাগ রক্তের প্রয়োজন খুবই দ্রুত আজকের মধ্যে যোগাযোগ করতে পারলে ভালো হবে কালকে রক্ত দিতে হবে রক্তের গ্রুপ হল ও পজেটিভ যদি কেউ উপকারটি করতে চান তাহলে এই নাম্বারে যোগাযোগ করুন <PHONE>,,,
315,False,0,0,not_request,certain,Tibetan history text.,bn,banglatlit,সা-স্ক্যা ধর্মসম্প্রদায়ের সপ্তম সা-স্ক্যা-খ্রি-'দ্জিন ও কুবলাই খানের আধ্যাত্মিক শিক্ষক 'গ্রো-ম্গোন-ছোস-র্গ্যাল-'ফাগ্স-পা তিব্বতের শাসক হিসেবে কুবলাই খানের নাম ঘোষণা করেন।,,,
316,False,0,0,not_request,likely,Campaign join/share call; no patient need.,en,ebdr-twitter,RT @hsohu: Plz Join us &amp; Share #BloodDonorsPk @unyouthpk @UNAIDS_AP @UNFPA @InayatRustamani @Cricketism1 @omgnashlol @samramuslim @DjParoma…,,,
319,False,1,1,request,certain,All blood groups needed urgently at hospital,en,ebdr-twitter,#Verified- RT @Indusports Guys.. we need all blood groups urgent.. At children's hospital egmore.. we need more of A &amp; AB. #ChennaiRainsHelp,,,
326,False,1,1,request,certain,Urgently required AB+ blood 5 bags for child.,en,ebdr-twitter,"Assalam o alaikum Dear friends and colleagues , Urgently required AB+ blood group (5bags) for 1.5years old child… https://t.co/L4aHJes9Ek",,,
331,False,1,1,request,certain,3 bags O- needed today at Sylhet Osmani.,bn,facebook,রক্ত প্রয়োজন 💁রোগীর সমস্যা👉:- কিডনিতে 🔴রক্তের গ্রুপ👉:- ও নেগেটিভ (O-) 💉রক্তের পরিমাণ👉:- ৩ব্যাগ 📆রক্তদানের তারিখ👉:- ১৭/৯/২০২৪ ⌚রক্তদানের সময়👉:- আজকের মধ্যে 🏥রক্তদানের স্থান👉:- সিলেট ওসমানি মেডিকেল কলেজ ☎যোগাযোগ👉: <PHONE> 💠রেফারেন্স👉:-আমি নিজে,,,
340,False,0,0,not_request,certain,"Road description, unrelated.",bn,banglatlit,"আঞ্চলিক মহাসড়ক R151 (৪৮ কিমি দীর্ঘ) পেলাগাজীর দীঘির মোড় হতে কাজিরহাট, নারায়ণহাট এবং হেয়াকোঁ হয়ে বারৈয়ারহাটে গিয়ে ঢাকা চট্টগ্রাম জাতীয় মহাসড়কের সাথে মিলিত হয়েছে।",,,
350,False,1,1,request,certain,"One bag AB+ needed for C-section, donors asked to comment.",bn,facebook,১৩/১৪ তারিখে বিরামপুরে সিজারিয়ান সেকশন অপারেশনের জন্য এক ব্যাগ AB+ রক্ত প্রয়োজন। আগ্রহী রক্ত দাতাকে কমেন্ট করার জন্য অনুরোধ করছি।,,,
358,False,0,0,not_request,certain,Comment about coin earnings.,bn,banglatlit,মজা পাইলাম ভাও___ভিডিওতে আপনি দুই ঘন্টারও বেশি সময় ধরে কাজ করে ৮০০ কয়েন করছেন তাও ১০০০ না___আর ১০০০ কয়েনের প্রাইস হুদা ৪.৭৭ টাকা___আর এখানে লিখছেন এক মিনিটে ১০০০ পুরাই লোল___২.৩০ আওয়ার কাজ কইরা যদি ৪ টাকা ইনকাম করি তাহলে কয় বসর লাগবো এক ডলার ইনকাম করতে আল্লাহই জানে,,,
359,False,1,1,request,certain,A- blood urgently required for newborn.,en,telegram,Hi everyone Hope you all are well A- negative blood Required urgent for New Born baby Please contact <PHONE>,,,
373,False,1,1,request,certain,B+ blood needed today for woman patient.,tbn,facebook,"Ajk akjon women patient er B+ blood lagbe, doporer modde. Emergency 🙏🙏🙏 Patient moon hospital er modde acen. <PHONE> Plzzz 🙏🙏🙏🙏",,,
377,False,0,0,not_request,certain,"Description of an organization, unrelated.",bn,banglatlit,"আফগানিস্তান রিলিফ অর্গানাইজেশন হল একটা অরাজনৈতিক, ধর্মনিরপেক্ষ, অলাভজনক (৫০১)(৩), বেসরকারি মানবিক সংস্থা, যুক্তরাষ্ট্র এবং আফগানিস্তান দুই দেশেই নথিভুক্ত, ১৯৯৮ খ্রিস্টাব্দে যুক্তরাষ্ট্রে প্রতিষ্ঠিত।",,,
378,False,1,1,request,certain,O+ blood urgently needed for burned child.,bn,facebook,ওসমানী মেডিকেল হাসপাতালে অগ্নিদগ্ধ একজন শিশুর জরুরী ভিত্তিতে O+ রক্তের প্রয়োজন। যোগাযোগ : <PHONE>,,,
384,False,0,0,not_request,certain,Blood donation slogan.,bn,facebook,"""রক্তদানে পূণ্য বাড়ে, বাড়ে মনের জোড়; রক্তদানে এগিয়ে আসুন নির্দিষ্ট সময় অন্তর অন্তর""।",,,
397,False,1,1,request,certain,One bag A- needed for operation.,bn,facebook,আজ সন্ধায় বিরামপুর পপুলার জেনারেল হাসপাতালে জরায়ু অপারেশনের জন্য এক ব্যাগ এ নেগেটিভ রক্ত প্রয়োজন। আগ্রহী রক্তদাতা কে কমেন্ট করার জন্য অনুরোধ করছি।,,,
403,False,0,0,not_request,certain,Forum admin dispute.,bn,banglatlit,ভাই বিশ্বাস করেন user1 আগে হাতবিডি এর এডিটর ছিল তার বেয়াদবির কারণে user2 তাকে হাতবিডি থেকে ব্যান করছে ঐ জন্যে আর আমি আর user2 হাতবিডি এর অ্যাডমিন ট্রাস্ট,,,
409,False,0,0,not_request,certain,Song request; unrelated.,en,ebdr-twitter,@mor1019 Young blood #MORPinoyBiga10 Pagka't Nariyan Ka by Sam Mangubat,,,
419,False,0,0,not_request,likely,Reply saying already shared,en,ebdr-twitter,"@movurumuralee @BloodDonorsIn Sir, already shared!!! #BloodMatters",,,
423,False,0,0,not_request,certain,Joke about smurf blood.,en,ebdr-twitter,Smurf blood is blue.,,,
431,False,1,1,request,certain,Urgent 4 O- donors today at hospital.,en,ebdr-twitter,"URGENT 4 O-ve donors today at Room no.401, Asian Heart Institute, Bandra-Kurla Complex, Mumbai. **C/o Rajesh... http://t.co/3IlawZIyYF",,,
434,False,1,1,not_request,likely,Blood donation camp announcement.,en,ebdr-twitter,"RT @TARUNPRAKASH071: Blood Donation Camp City Lions Blood Bank, Saharanpur 9 July 2018, 9 AM Onwords ABVP &amp; FBDTrust® @Indianbloodhelp @Blo…",,,
440,False,0,0,not_request,certain,Railway news.,bn,banglanmt,"সেইসঙ্গে কক্সবাজার পর্যন্ত রেলযোগাযোগ স্থাপনের কাজও দ্রুত গতিতে এগিয়ে চলছে, যেখানে দ্রুতগতির রেল যোগাযোগ স্থাপিত হবে।",,,
449,False,1,1,request,certain,Needs A negative donor for open heart surgery.,en,facebook,"Temporary post!!! Hello everyone, need blood donor type A negative. Can anyone help??? Contact number- <PHONE> Open Heart Surgery National heat Fundation Blood group- A negative Operation date- 15.06.2019 Time- 7 am",,,
463,False,1,1,request,certain,A+ blood needed for delivery patient in Sylhet.,bn,facebook,A+ রক্তের প্রয়োজন। রোগির সমস্যাঃ ডেলিভারি পেশেন্ট। রক্তের গ্রুপঃ (A+ Positive) রক্তদানের স্থানঃ সিলেট মাতৃমঙ্গল চৌহাট্টা পয়েন্ট।,,,
465,False,0,0,not_request,certain,News headline,en,banglanmt,Bus-covered van collision kills 2 in Gazipur district,,,
478,False,0,0,not_request,certain,VPN server comment; unrelated.,bn,banglatlit,আমি প্রিমিয়াম সার্ভার ইউজ করতেছি.. আনলিমিটেড ব্যান্ডউইথ.. বাট মাঝে মাঝে ডিসকানেক্ট হয়.. ব্রাউজিং এর জন্য পারফেক্ট.. আদারোয়াইজ নো। প্রবলেম....... থ্যাংক ইউ ব্রো ফর ডিস ট্রিক... গো অন???,,,
482,False,1,1,request,certain,Emergency B+ blood needed tomorrow morning.,bn,facebook,আসসালামু আলাইকুম ইমার্জেন্সি রক্ত দরকার কালকে সকাল ৮-১০ টার মধ্যে দয়া করে কেউ কি রক্ত দিতে পারবেন। আমাদের বাসা আনেক দূরে তাই রক্ত জোগার সম্ভব হচ্ছে না রক্তের গ্রুপ 🩸B+ 🩸🩸🩸,,,
502,False,0,0,not_request,certain,"Forum argument between users, unrelated.",bn,banglatlit,"এক দিক থেকে আজিজুল ও জনি , দুজনের কোথায় ঠিক . বাট জনি যখন তুমি অথর ছিলে না তুমি খালি কমেন্ট করতে “এই শালা তুমি হত্যাকারি” এন্ড তুমি অথর হওয়ার পোর্ট ২ টা ইম্পরট্যান্ট পোস্ট করলে ৩ টা সিম্পল পোস্ট করো . এটা কি ঠিক ? এন্ড আজিজুল তুমি এই জনির বিরুদ্ধে এসব কমেন্ট করার মানে হয় . ব্রো তোমাদের দুজন কেই বলছি ভাই এসব বন্ধ করো . জনি তুমি পোস্ট করার আগে ৫ বার ভেবে পোস্ট করবা এন্ড আজিজুল আর কোনো ব্যাড কমেন্ট করবানা , প্লিজ .",,,
511,False,0,0,not_request,certain,Like button description.,bn,banglatlit,"ব্যবহারকারীর দ্বারা এক চাপে, মনোনিত বিষয়বস্তুটি ব্যবহারকারীরর বন্ধুর ঘটনাচক্রে প্রকাশ হবে, এবং এই বোতাম আবার অন্য ব্যবহারকারীর সংখ্যা যারা বিষয়বস্তুটিকে পছন্দ করেছেন প্রদর্শন করে যার মধ্যে ওইসব ব্যবহারকারীদের পুরো বা অংশ তালিকা অন্তর্ভুক্ত।",,,
521,False,1,1,request,certain,O- blood needed for pregnant mother's caesarean.,bn,facebook,ও নেগেটিভ রক্তদাতারা এগিয়ে আসুন আগামীকাল বিরামপুরে একজন গর্ভবতী মায়ের সিজারের জন্য ও নেগেটিভ রক্তের প্রয়োজন যদি কেউ দিতে ইচ্ছুক থাকেন ইনবক্স প্লিজ 🙏🙏,,,
534,False,0,0,not_request,certain,Statement about a documentary.,bn,curated-adversarial,ডকুমেন্টারিতে আরও রক্তদাতার জরুরি প্রয়োজনীয়তা তুলে ধরা হয়েছিল।,,,
547,False,0,0,not_request,certain,Request for exam suggestions.,bn,banglatlit,ইউসার ভাই খুব সুন্দর মানুষ আমাদের অনেক নতুন কিছু শিখান..ভাই আরো সুন্দর সুন্দর পোস্ট করেন..আর ভাই আমাদের কিছু দিন পরে এসএসসি এক্সাম প্লিজ ভাই আবার কিন্তু অল সাবজেক্ট আর সাজেশন দেওয়া লাগবে..যশোর বোর্ড আর সাজেস্টেড দিবেন..প্রত্তেক অথর ভাই কে আমার পক্ষ থেকে রিকোয়েস্ট প্লিজ ওই বিষয় একটু মনোযোগ দিয়া অনেক পোস্ট করেন ভাই অনেক উপকৃত হবো…ভাই ভুল হলে ক্ষমা করে দিবেন…,,,
555,False,0,0,not_request,certain,Offer of A+ donor ready,bn,facebook,শুধু আজকের জন্য বিরামপুরে এ পজেটিভ ডোনার রেডি আছে।,,,
556,False,1,1,request,certain,Two bags AB+ needed for operation with contact.,bn,facebook,মানবতার ডাকে সেচ্ছাসেবী রক্তদাতা ভাইয়েরা এগিয়ে আসুন!!! 💁রোগীর সমস্যা👉: জরায়ু অপারেশন 🔴রক্তের গ্রুপঃ👉: এবি(+) পজেটিভ 💉রক্তের পরিমাণ👉: ২ ব্যাগ 😍 📆রক্তদানের তারিখ👉: ২৫/৩/২০২৩ ⌚রক্তদানের সময়👉: যত তাড়াতাড়ি সম্ভব 🏥রক্তদানের স্থান👉: রাজশাহী ব্লাড ব্যাংক ☎যোগাযোগঃ👉 Phone/WhatsApp/Imo<PHONE> Help me Please 🤲,,,
563,False,1,1,request,certain,"Urgent A+ for pregnant patient, hospital and contact.",bn,facebook,"Urgent ব্লাড গ্রুপ:A+ Hospital name: Maternal and Child Health Training Institute, Lalkuthi Bazar, মাজার রোড, মিরপুর-১ঢাকা কারন: প্রেগন্যান্ট রোগির হিমোগ্লোবিন কম যোগাযোগ : <PHONE>",,,
570,False,1,1,request,certain,Negative blood donors required urgently for cancer patient.,en,ebdr-twitter,As received Any negative blood donors are required in CMH Rawalpindi urgently for a mother who's is patient of canc… https://t.co/R1GTnlda27,,,
573,False,1,1,request,certain,"Needs one bag B+ for heart operation, hospital and phone given",bn,facebook,হার্টের অপারেশন এর জন্য এক ব্যাগ বি পজিটিভ রক্ত প্রয়োজন। স্হান ঢাকা সোহরাওয়ার্দী হাসপাতাল। মোবাইলঃ <PHONE>,,,
583,False,1,1,request,certain,Emergency AB+ bag needed for elderly woman.,bn,facebook,"#ইমার্জেন্সী রক্ত প্রয়োজন"" ঢাকার শাহজাহানপুরে এক বৃদ্ধার জন্য জরুরী ভিত্তিতে এক ব্যাগ #এবি_পজিটিভ (AB+) রক্ত দরকার । স্হান : শাহজাহানপুর , ঢাকা",,,
586,False,0,0,not_request,certain,Flight boarding message,en,ebdr-twitter,@drinko1983 Flight TOM7758 final call! Please proceed to gate 42 immediately.,,,
587,False,0,0,not_request,certain,News about grave digging.,bn,banglanmt,সোমবার বিকেলে রংপুর মহানগর জাতীয় পার্টির সভাপতি ও সিটি মেয়র মোস্তাফিজার রহমান মোস্তফার তদারকিতে কবর খোঁড়া হয়।,,,
591,False,1,1,request,certain,Urgent O negative needed for operation,tbn,facebook,O negative blood ase karor urgently need ekta mohilar pet er vhitor baccha mara gese kalk 10 tay sokal Cd path e oparation kew thakle plz inbox korun,,,
593,False,0,0,not_request,certain,Blood donation awareness info.,bn,facebook,এক ব্যাগ রক্ত শরীরের মোট রক্তের মাত্র ২ থেকে ৩ শতাংশ। এ পরিমান রক্ত কাউকে দান করলে শরীরের কোনো ক্ষতি হওয়ার আশঙ্কা নেই। বরং প্রতিবার রক্তদানের পর রক্তদাতার অস্থিমজ্জা (বোন ম্যারো) নতুন রক্ত কণিকা তৈরির জন্য উদ্দীপ্ত হয়। ফলে রক্তদানের ২-৩ সপ্তাহের মধ্যে সে ঘাটতি পূরণের পাশাপাশি শরীর থাকে চাঙ্গা।,,,
599,False,0,0,not_request,certain,World Blood Donor Day slogan.,en,ebdr-twitter,"""@PrathapLal: ""Give Blood for those who give life"" @BloodDonorsIn #WorldBloodDonerDay http://t.co/fQQ3AmUEbd""",,,
611,False,0,0,not_request,certain,Donation benefit awareness.,bn,facebook,"নিয়মিত রক্তদান রক্তে কোলেসটোরলের উপস্থিতি কমাতে সাহায্য করে । নিয়মিত রক্ত দিন, জীবন বাচাঁন। নিজে রক্ত দেই, অন্য কে রক্ত দেয়ার জন্য উতসাহী করি। # happy_blood_donating",,,
615,False,0,0,not_request,certain,Religious quote about charity.,en,ebdr-twitter,"RT @zedikuri: “Feed the hungry and visit a sick person, and free the captive, if he be unjustly confined. Assist any person oppressed wheth…",,,
621,False,1,1,request,certain,One bag O+ needed for caesarean today.,bn,facebook,আজ বিকালে বিরামপুর হাজী ক্লিনিকে সিজারিয়ান সেকশন অপারেশনের জন্য এক ব্যাগ O+ রক্ত প্রয়োজন। আগ্রহী রক্ত দাতাকে কমেন্ট করার জন্য অনুরোধ করছি।,,,
632,False,0,0,not_request,certain,Court news.,bn,banglanmt,সাংবাদিক দম্পতি সাগর সারোয়ার ও মেহেরুন রুনি হত্যা মামলার তদন্ত প্রতিবেদন দাখিলের তারিখ আগামী ২৬ জুন ধার্য করেছেন আদালত।,,,
636,False,1,1,request,certain,Urgent B+ donor needed at Tata Memorial.,en,ebdr-twitter,"URGENT 1 B+ve donor today for Patient ID 7048 at Tata Memorial Hospital, Parel (9am-4pm). Contact Mr.Ashwin... http://fb.me/10LTyyBGe",,,
640,False,1,1,request,certain,Retweet: urgent B+ blood for surgery at Manipal.,en,ebdr-twitter,RT @SubodhK_: @richaanirudh @rajeev_mp @mainbhiengineer @coolfunnytshirt Urgent B+ blood group required for a surgery in Manipal hospital (…,,,
650,False,1,1,request,certain,AB+ blood needed for injured person at DMC.,bn,facebook,ঢাকা মেডিকেল কলেজ হাসপাতালে গুলশানের ঘটনায় আহত একজন মুমূর্ষু ব্যক্তির জন্য এবি+(পজেটিভ) রক্ত দরকার। যে যেখানে আছেন দয়া করে সহযোগিতার হাত বাড়িয়ে দিন। যোগাযোগ: <PHONE>,,,
652,False,0,0,not_request,certain,"Scam complaint, unrelated.",bn,banglatlit,আপনার পোস্ট দেখে এসএমএমবিডি.টপ ১০০ টাকা এড করছি... টাকা পাঠিয়ে পেমেন্ট ফ্রন্ট পূরণ করছি... ও তাদের হোয়াটসঅ্যাপেও কনটাক্ট করছি... সাত-আট ঘন্টা হয়ে গেল কোন রেসপন্স নাই তাদের... এসব বাটপারদের প্রমোট করে কয় টাকা পাইলেন? নাকি সস্তা বাটপারি করার জন্য আপনি এই সাইট খুলে বসে আছেন?,,,
654,False,1,1,request,certain,One bag B+ needed for thalassemia child.,bn,facebook,"ঢাকার শিশু হাসপাতালে ( শ্যাম্লী ) এক বাচ্চার জন্য ১ ব্যাগ বি+ রক্তের প্রয়োজন দিতে না পারলেও শেয়ার করুন,যেন অন্য কেউ এগিয়ে আসে .....................................রোগী থ্যালাসেমিয়ায় আক্রান্ত... আগামি কালের মাধ্যে রক্তের প্র্যোজন ( <PHONE> ) বি+ ব্লক ঃ- ডি থ্যালাসেমিয়ে ডিপারট্মেন্ট যোগাযোগ ঃ- <PHONE> ( রোগীর আম্মা )",,,
657,False,1,1,request,certain,Urgent B+ blood needed for baby cancer patient.,en,facebook,"Urgent B+ Blood needed for a Baby( cancer patient ) at PG Hospital,Dhaka.",,,
659,False,0,0,not_request,certain,News about Rohingya relocation.,bn,banglanmt,প্রযুক্তিগত মূল্যায়ন শেষ হওয়ার পরে রোহিঙ্গাদের ভাসান চরে স্থানান্তরিত করার যে কোন সিদ্ধান্ত স্বেচ্ছাসেবী এবং সম্পূর্ণভাবে অবগত করা প্রয়োজন।,,,
660,False,1,1,request,certain,Urgent 6 O-ve donors needed,en,ebdr-twitter,"Please donate and share ASAP:- URGENT 6 O-ve donors on 28-7-12 at Room no.HDU-12, Breach Candy Hospital, Mumbai.... http://t.co/I7CAEaiZ",,,
662,False,0,0,not_request,certain,Medical exam question,en,ebdr-twitter,Hematocrit for autologous blood donation should not be below,,,
694,False,0,0,not_request,certain,"Personal gratitude comment, unrelated.",bn,banglatlit,যায় এ না ভুলা যায় না তাদের সেই অবদান আর কথা...ভাই স্যালুট ইউ...দোয়া রইলো বলো টাকার অ্যান্ড মনে রাখার... ভাই আমি আমার নাম এই নেট আর দুনিয়া তে কোথাও কখনো কেও রে জানাই নাই বাট আপনারে জানাই ইচ্ছা করতে ছে জানি না কেরে বাট আর থামায়ে রাখতে পারতা সে না ভাই আমার নাম user.... ভাই পারলে এই নাম টা মনে রাখিয়েন প্লিজ...ভাল থাকেন ভাইয়া বাই ভাইয়া....??????,,,
704,False,1,1,request,certain,Urgent O- donor needed at Kokilaben Hospital.,en,ebdr-twitter,"URGENT 1 O-ve donor today at Blood Bank, 7th Flr, Kokilaben Hospital, Andheri, Mumbai. **C/o Collette Fernandes... https://t.co/TbpHqU4nEd",,,
705,False,0,0,not_request,certain,Tech forum comment,bn,banglatlit,"Trickbd.com কাস্টম রম,এই সব নিয়া তেমন পোস্ট হয়না আগের মত..... একমাত্র আপনি এই গুলো নিয়ে সুন্দর সুন্দর পোস্ট করেন.... থ্যাঙ্ক ইউ। ভাই... নেক্সট টাইম আর সুন্দর সুন্দর কিছু উপহার দেবেন.....",,,
708,False,0,0,not_request,certain,Historical political movement text.,bn,banglatlit,"২০০৭ - এ তত্ত্বাবধায়ক সরকারের সময় জরুরী অবস্থার হুমকির মধ্যেও সরকারি বাঙলা কলেজ -এর শিক্ষার্থীবৃন্দ যুদ্ধাপরাধীদের বিচারের দাবিতে ও বাঙলা কলেজ বধ্যভূমিতে মুক্তিযুদ্ধের স্মৃতি সংরক্ষণের দাবিতে আন্দোলনের সূচনা করে এবং পর্যায়ক্রমে মানববন্ধন, প্রতীকী অনশন, সমাবেশ, পথসভা, মিছিল, নিরবতা পালন, প্রতীকী বেদীতে পুষ্প অর্পণ ইত্যাদি শান্তিপূর্ণ কর্মসূচী পালন করে।",,,
714,False,1,1,request,certain,Retweet: need A+ve blood at Punjab cardiology.,en,ebdr-twitter,"RT @mabdullah130: @BloodDonorsPk need A+ve blood at Punjab cardiology hospital, please forward and let know if arranged. Contact Mohsin…",,,
717,False,1,1,request,certain,Urgently required A+/A- platelets for friend's mother.,en,ebdr-twitter,@BloodDonorsIn Urgently required platlets. A+ n A- blood group people. as my friend's mother is hospitalized in med… https://t.co/zBadDcXC0X,,,
740,False,0,0,not_request,certain,Donation tips.,en,ebdr-twitter,"#Tips If you are donating plasma or platelets, drink at least 6 to 8 glasses #BloodDonorsPk @BloodDonorsIn @BloodConnect01 @BloodAid",,,
754,False,1,1,request,certain,One bag A+ needed for caesarean.,bn,facebook,আজ বিকালে বিরামপুর পপুলার জেনারেল হাসপাতালে সিজারিয়ান সেকশন অপারেশনের জন্য এক ব্যাগ A+ রক্ত প্রয়োজন। আগ্রহী রক্ত দাতাকে কমেন্ট করার জন্য অনুরোধ করছি।,,,
761,False,0,0,not_request,certain,Political history text; unrelated.,bn,banglatlit,"অন্যান্য সহানুভূতিশীলদের মাঝে রয়েছেন যুক্তরাজ্যের রাজনীতিবিদ এরিক লাবক, এভবরীর ৪র্থ ব্যারন, নাজির আহমেদ, ব্যারন আহমেদ, এবং পাকিস্তানি সেনাবাহিনীর সাবেক প্রধান ও পাকিস্তানের সাবেক রাষ্ট্রপতি প্রয়াত মুহাম্মাদ জিয়া-উল-হক, যিনি জন্মসূত্রে একজন ভারতীয় পাঞ্জাবী এবং তার বিরুদ্ধে ভারত সরকার থেকে ব্লু স্টার অভিযানের সময় শিখ জঙ্গীদের কাছে অস্ত্র চোরাচালানের অভিযোগ আনা হয় কিন্তু তিনি জঙ্গীদের সাথে সম্পৃক্ততার দায় অস্বীকার করেন।",,,
766,False,0,0,not_request,likely,"Coordination note, no explicit blood request.",en,ebdr-twitter,RT @Pawansh07: I have words with Patient family. Kishor (<PHONE>) @kris_kishor will be there. https://t.co/YIk6VleI9L,,,
769,False,0,0,not_request,certain,Donation camp report,en,ebdr-twitter,RT @Suni28507627: NER blood donation camp లో రక్తదానం చేసిన యువతకు ఉద్దేశించి రెడ్ క్రాస్ బ్లడ్ బ్యాంకు మేనేజర్ కామేశ్వరరావు గారు NER గారి…,,,
774,False,1,1,not_request,likely,"Collecting donor info list, no patient need.",bn,facebook,রক্ত যোদ্ধা ভাই বোনেরা যারা সেচ্ছায় রক্ত দান করি বা করতে চাই তারা সবাই নাম ঃ ব্লাড গ্রুপ ঃ লোকেশন ঃ লাস্ট ব্লাড কবে দিয়েছেনঃ মোবাইল নাম্বার ঃ এগুলো দিয়ে যাই ঃ 🩸🩸🩸🩸🩸🩸🩸🩸🩸🩸🩸🩸🩸,,,
775,False,1,1,request,certain,AB+ blood required asap at hospital,en,facebook,URGENT: AB+ blood required asap at the Square Hospital. Would anyone be available for blood donation? Contact: Shubimal <PHONE> Thanks 🙏,,,
789,False,1,1,request,certain,Urgent O+ blood for accident patient.,bn,facebook,জরুরি!!! এক্সিডেন্টের রুগীর জন্য চট্টগ্রাম মেডিকেল কলেজে জরুরী ভিত্তিতে O+ রক্ত প্রয়োজন। যোগাযোগঃ <PHONE>,,,
804,False,1,1,request,certain,Asks for O+ donor for post-tumor anemia patient.,bn,facebook,আগামীকাল বিরামপুরে ও+ রক্ত দেবার মতো কেউ আছেন? একজন দুস্থ টিউমার অপারেশন পরবর্তী রক্তস্বল্পতা রোগীর জন্য লাগবে। <PHONE>,,,
812,False,1,1,request,certain,A- blood needed for mother at Osmani hospital.,bn,facebook,একজন অসহায় মায়ের জন্য এ নেগেটিভ রক্তের প্রয়োজন। রুগী সিলেট ওসমানী হাসপাতালে কাল সকালে লাগবে যোগাযোগ <PHONE>,,,
814,False,1,1,request,certain,O+ 2 bags needed at Kurmitola hospital.,bn,facebook,"মানবতা যেখানে অসহায়, আমাদের সেখানে অবস্থান 💁রোগীর সমস্যাঃ- রক্ত শূন্যতা 🔴রক্তের গ্রুপ - ও পজিটিভ 💉রক্তের পরিমাণঃ- ২ ব্যাগ 👉হিমোগ্লোবিনঃ- 📆রক্তদানের তারিখঃ২৫/০২/২৫ ⌚রক্তদানের সময়ঃ ডোনার পাওয়া মাত্র 🏥রক্তদানের স্থানঃ- কুর্মিটোলা জেনারেল হাসপাতাল,ঢাকা। ☎যোগাযোগঃ- <PHONE> খুবই জরুরি....",,,
821,False,1,1,request,certain,Urgent A+ blood for caesarean at Popular Hospital.,bn,telegram,"জরুরি রক্তের প্রয়োজন 🔰 👩‍🚀 রোগীর সমস্যাঃ সিজার 🔴 রক্তের গ্রুপঃ A+ 💉 রক্তের পরিমাণঃ ১ ব্যাগ 📆 রক্তদানের তারিখঃ ৩০ জুলাই ২০২৪ ⌚ রক্তদানের সময়ঃ ইমারজেন্সি 🏥 রক্তদানের স্থানঃ পপুলার হাসপাতাল, ধানমণ্ডি ☎️ যোগাযোগের নাম্বারঃ <PHONE>",,,
831,False,1,1,request,certain,"A+ donor needed in Karachi, contact.",en,ebdr-twitter,RT @SherKhan77: RT @BloodDonorsPk Any healthy donor with A+ blood group In Karachi plz contact Ahmed Ayub at <PHONE> Via @AliZafarsays,,,
832,False,0,0,not_request,certain,Transport strike news.,bn,banglanmt,"নতুন সড়ক পরিবহন আইনের প্রতিবাদে ঢাকা-নারায়ণগঞ্জ, ঢাকা-সিলেট, ঢাকা-চট্টগ্রাম মহাসড়কের প্রায় সব যান চলাচল বন্ধ রেখেছে পরিবহন শ্রমিকরা।",,,
837,False,0,0,not_request,certain,"Patient transfer statement, no blood request.",bn,curated-adversarial,রোগীকে তার গুরুতর অবস্থার কারণে অন্য হাসপাতালে স্থানান্তর করা হয়েছে।,,,
840,False,0,0,not_request,certain,Victory Day greetings.,bn,facebook,"সবাইকে বিজয় দিবসের শুভেচ্ছা। দেশের জন্য যারা যুদ্ধ করেছেন এবং জীবন দিয়েছেন আল্লাহ তাদের ক্ষমা করুন। তাওবা-ইস্তেগফার, দেশ ও জাতির জন্য দুয়াই হোক বিজয়ের উৎসব।",,,
841,False,0,0,not_request,likely,Reply asking for hospital name,en,ebdr-twitter,@CultMahesian Please share hospital name. Thanks!! #BloodMatters,,,
844,False,0,0,not_request,likely,Reply asking hospital name.,en,ebdr-twitter,@Miragpur7 Please share hospital name. Thanks!! #BloodMatters,,,
849,False,0,0,not_request,certain,Seminar statement.,bn,curated-adversarial,সেমিনারে আপনার রক্তের ধরন জানার গুরুত্বের উপর গুরুত্ব দেওয়া হবে।,,,
851,False,0,0,not_request,certain,News about ICT report.,bn,banglanmt,মঙ্গলবার আইসিটি তদন্ত সংস্থার ধানমন্ডি কার্যালয়ে সংস্থার সমন্বয়ক আবদুল হান্নান খান এ প্রতিবেদন প্রকাশ করেন।,,,
852,False,0,0,not_request,certain,Statement about blood storage facilities.,bn,curated-adversarial,হাসপাতালের রক্ত সংরক্ষণ সুবিধাগুলি উন্নয়ন করা প্রয়জন।,,,
856,False,0,0,not_request,certain,Laptop brightness question,bn,banglatlit,ভাই আমার ডেল ল্যাপটপ ইনস্পিরন ১৫ ৩৫৮০ তে ব্রাইটনেস কমে ওনা বাড়ে ওনা। ইউটিউব থেকে দেখে ডিসপ্লে অ্যাডাপ্টার আপডেট দিসি (ডিসপ্লে অ্যাডাপ্টার: ১. মাইক্রোসফট বেসিক ডিসপ্লে অ্যাডাপ্টার ২. রেডিয়ন টি৫২০) এখন ভাই কীভাবে ব্রাইটনেস প্রবলেম ঠিক করবো… উইন্ডোজ আপডেট ও দিসি.. মেসেজ নোটিফিকেশন এ ব্রাইটনেস স্লাইডার যুক্ত হয়েছে কিন্তু ব্রাইটনেস কমে ওনা বাড়ে ওনা,,,
859,False,0,0,not_request,certain,Vacation post.,en,ebdr-twitter,Pool life #VinsonFamilyVacation2018 #summervacation18 #familyfun #Birthday #Anniversary #hangingatthepool @ Marriot… https://t.co/fVDzJViKkt,,,
860,False,0,0,not_request,likely,Reply asking to share in English.,en,ebdr-twitter,"@siddharthSakal @BloodAid @iCanSaveLife @DrAtulBhosale @Blood4Help @BloodDonorsIn If possible, share in english. #BloodMatters",,,
861,False,1,1,request,certain,B blood needed for caesarean patient today.,bn,facebook,আজকে বিরামপুর রাইহান ক্লিনিকে সিজারিয়ান রোগীর জন্য বি-রক্ত প্রয়োজন <PHONE>,,,
872,False,1,1,request,certain,O negative needed for caesarean,bn,facebook,জরুরি ভিত্তিতে রক্তের প্রয়োজন রুগির সমস্যা - সিজার ৭ ঘটিকায় রক্তের গ্রুপ - ও নেগেটিভ রক্তের পরিমান ১ ব্যাগ ঠিকানা: শাহজালাল হসপিটাল রিকাবী বাজার পুলিশ লাইন গেইট যোগাযোগ : <PHONE>,,,
875,False,0,0,not_request,certain,Phone review; unrelated.,bn,banglatlit,রেডমি কে৫০আই ৩০ হাজার টাকার মধ্যে সবথেকে ভালো ফোন। পাবজি এফএফ সবসময় ৮৫-৯০ এফপিএস থাকে। যা অন্য যেকোনো ৩০হাজার ফোন থাকে না. গেমার দেড় জন এটা সব থেকে ভালো মোবাইল ৩০হাজার এর মধ্যে।,,,
876,False,0,0,not_request,certain,Offer of spare O+ bag in fridge.,bn,facebook,"১ বেগ O+ রক্ত আছে। গতকাল সকাল ৮টায় নেওয়া হয়েছিল। অপারেশনে লাগে নাই, এখন ফ্রিজে আছে। কারোর লাগলে বলেন, বা কোনো ব্লাড ব্যাংক থাকলে যোগাযোগ করুন, নাহলে নষ্ট হয়ে যেতে পারে।।",,,
878,False,0,0,not_request,certain,Personal report of completed donation.,bn,facebook,আলহামদুলিল্লাহ দ্বিতীয়বার রক্ত দিলাম। একজন রক্তস্বল্পতা রোগীকে। সবাই আমার জন্য দোয়া করবেন মহান সৃষ্টিকর্তা আমাকে যেন সুস্থ রাখে। আমি যেন আবার রক্ত দিতে পারি ।🥰 Blood group o +☺️,,,
880,False,0,0,not_request,certain,Medical camp felicitation; unrelated.,en,ebdr-twitter,"RT @NajmaFatmaINC: Felicitation of Doctor's At Ambedkar Nagar, Cuffe Parade Medical Check up Camp by Shri @BhaiJagtap1 MLC under supervisi…",,,
886,False,1,1,request,certain,Emergency O- 1 unit for patient with contact.,en,ebdr-twitter,"@BloodAid @bld4needy @BloodDonorsIn @SrivatsaVema #Emergency #Chennai Jothi 40/F, O-, 1 unit Saveetha Medical College,Poonamallee <PHONE>",,,
892,False,1,1,request,certain,Needs B- blood before noon,tbn,facebook,"Dear repective all , I need B- blood for✂ sicurs precedent. aj dopor ar age lagbe . plz call:<PHONE>/<PHONE>",,,
905,False,0,0,not_request,certain,"News headline, unrelated.",bn,banglanmt,"গুরুতর অপরাধের অভিযোগ পাওয়া যায়নি, ইসি সচিব",,,
920,False,1,1,request,certain,A-ve donor needed for hysterectomy patient.,en,ebdr-twitter,"1 A-ve donor for Smita Shah (Hysterectomy Op), Room # Delux-2, Anjali Nursing Home, BPS Plaza, Mulund W. Contact... http://bit.ly/di5r68",,,
928,False,0,0,not_request,certain,Forum comment; unrelated.,bn,banglatlit,"অসাধারণ। কথাগুলো ভাল ছিল।!! সবাই এগুলো ফলো করলে.. ট্রিকবিডি আবার আগের জায়গায় ফিরবে আশা করি। ইউজার, ইউজার, ইউজার ভাই.... আরো এমন অনেক আগের অথরদের পোস্ট মিস করি। আবার ফিরুক সেই আগের সুদিন ট্রিকবিডি এর শুভকামনা। এন্ড আপনারা জন্য ও নিউ।",,,
929,False,1,1,request,certain,Emergency O+ needed at children's hospital,bn,facebook,ইমারজেন্সি o+ ব্লাড প্রয়োজন। ঢাকা শিশু হাসপাতাল। সমস্যা :বাচ্চাটির একবার অ্যাক্সিডেন্ট হয়েছিল তারপর থেকে মাথায় সমস্যা শরীরের রক্ত তৈরি হচ্ছে না।,,,
930,False,1,1,request,certain,"Seeking O+ donor with place, date, contact.",tbn,facebook,"Any ""O"" Posetive Blood donor available??? Place : Mount Adora Akhalia Date: Saturday 30/05/24 Contact <PHONE>",,,
951,False,1,1,request,certain,Urgent 1 bag B- blood needed at cancer hospital.,en,facebook,"Urgent 1 bag B-ve blood need .Please help .Place : Ahsania mission cancer Hospital.,Uttara10.Dhaka.Contact number : <PHONE>..let's become a BLOOD DONOR WARRIOR during this situation.",,,
955,False,0,0,not_request,certain,Hospital workshop news.,bn,curated-adversarial,হাসপাতাল সর্বশেষ মেডিকেল প্রযুক্তি নিয়ে একটি কর্মশালা আয়োজন করছে।,,,
974,False,0,0,not_request,certain,"Religious discussion, unrelated.",bn,banglatlit,"ভাইয়া আপনি হাদিস টা ভালো করে পড়েন একটু .হাদিস এ কবর জিয়ারতের কথা কোথাও বলা নেই .আর আপনি যে হাদিস বর্ণনা করেসেন সেটা আখিরাতের কথা বলা হয়েসে যে কিসু মানুষ বিপদে পড়বে তারা অনেক নবীদের কাসে যাবেন .কিন্তু তারা এই সকল মানুষদের হেল্প করতে পারবেন না .একমাত্র মহানবী স. আমাদের জন্য সুপারিশ করবেন .কবর জিয়ারত করা বা পাকা করার কথা সোজা মানা করেসেন আমাদের প্রিয় নবী .তিনি মানুষ সিলেন .আমরা মাফ চাইবো শুধু আল্লাহর কাসে .আর গুন নেবো আমাদের নবীর .কবর এ সালাম দেবার নিয়ম ,মিলাদ করার নিয়ম ,সালাতের আগে আরবিতে ,বাংলাও নিয়ত এগুলো হাদিসে কোথাও নেই .আপনি প্লিজ আগে হাদিস টা নিয়ে তর্জমা দেখেন তাহলে হাদিসের .আমি ভুল হলে আমায় মেইল করে শিখে নেবেন .ভুল হতেই পারে .আমি এগুলো নিয়ে অনেক ঘাটসি .আমি হুজুর না আগে আমাদের হাদিসের বই ফলো করি .যারা দেখসেন তাদের বলসি প্লিজ আগে হাদিস তর্জমা দেখে নিজে ঠিক করবেন .",,,
983,False,1,1,request,certain,Urgent B+ blood needed for operation,bn,facebook,জরুরী ভিত্তিতে রক্তের প্রয়োজন খুলনা মেডিকেল কলেজ হাসপাতালে। রক্ত হলেই অপারেশন হবে।রক্তের গ্রুপ B+।যোগাযোগ <PHONE>,,,
996,False,1,1,request,certain,Urgent A+ blood for motorcycle accident patient.,bn,facebook,একজন মোটরসাইকেল এক্সিডেন্ট রোগীর জন্য জরুরী ভিত্তিতে A+ রক্তের প্রয়োজন ভ্যাকসিনের প্রথম ডোজ দিয়েছেন এবং কোন ভ্যাকসিন দেননি এমন লোকের প্রয়োজন A+ অনেক রক্ত পাওয়া যায় কিন্তু কিন্তু ভ্যাকসিনের সমস্যার কারণে পাওয়া যাচ্ছে না কোন সহৃদয় ব্যক্তি যদি দিতে আগ্রহী হন তাহলে অনেক উপকার হয় <PHONE> স্থান ঢাকা মোহাম্মদপুর,,,
999,False,0,0,request,likely,"Father seeking blood for daughter, truncated appeal.",en,ebdr-twitter,RT @SajidMahmudAwan: IMPORTANT @MazherArshad @faizanlakhani @mak_asif @Salman_ARY Father desperately seeks blood for 10-yr-old daughtr h…,,,
1002,False,1,1,request,certain,One bag B+ needed for leg operation.,bn,facebook,আজ রাতে বিরামপুর পপুলার জেনারেল হাসপাতালে পায়ের অপারেশনের জন্য এক ব্যাগ বি পজেটিভ রক্ত প্রয়োজন। আগ্রহী রক্তদাতা কে কমেন্ট করার জন্য অনুরোধ করছি।,,,
1003,False,0,0,not_request,certain,Healthcare cost thread mentioning transfusion.,en,ebdr-twitter,"RT @PolitiSass: @goodoldcatchy Country: Canada Operation: Emergency c-section Included ambulance, heart&amp; BP meds, blood transfusion, 3 add…",,,
1005,False,1,1,request,certain,Urgent B+ needed for shot student,tbn,telegram,Urgent‼️‼️ Mara jabe naile B+ blood CMH er ashepashe thako emon keo acho je B+ blood dite parbe! A kid from hsc 24 got shot today at ecb!! Number : <PHONE>,,,
1007,False,1,1,request,certain,"Emergency O- blood needed, contact given.",bn,facebook,ইমার্জেন্সি O- ও নেগেটিভ রক্তের প্রয়োজন.. স্হান: নয়া সড়ক <PHONE>,,,
1019,False,1,1,request,certain,Child needs B+ve blood at Swat hospital.,en,ebdr-twitter,#Swat A child need B+ve At Central Hospital Casually Saidu Sharif Swat Contact <PHONE>,,,
1020,False,0,0,not_request,certain,Android script advice,bn,banglatlit,"জিপ এ কোনো লোগো.বিন & বুট.ইমেজ আসে… না…. থাকলে.. স্ক্রিপ্ট থেকে ui_print(“Flashing Android L Boot Logo”); assert(package_extract_file(“logo.bin”, “/ tmp/logo.bin”), write_raw_image(“/tmp/logo.bin”, “logo”), delete(“/tmp/logo.bin”)); ui_print(“Extracting BOOT IMAGE”); assert(package_extract_file(“boot.img”, “/ tmp/boot.img”), write_raw_image(“/tmp/boot.img”, “bootimg”), delete(“/tmp/boot.img”)); ডিলিট করেন",,,
1026,False,1,1,request,certain,3 bags B+ needed for mother's operation.,bn,telegram,"জরুরী ভিত্তিতে B+ রক্ত দরকার ৩ ব্যাগ কাল বিকাল ৩:৩০ জরায়ু টিউমার অপারেশন ইবনে সিনা হাসপাতাল, লালবাগ, ঢাকা সবাই সাহায্য করুন প্লিজ পেশেন্ট আমার আম্মা কালই অপারেশন করতে হবে! মুনিয়া",,,
1030,False,1,1,request,certain,Three bags O+ needed tomorrow,bn,facebook,আগামীকাল বিরামপুরে তিন ব্যাগ ও পজেটিভ লাগবে। কেউ দিতে পারলে জানাবেন প্লিজ!!!,,,
1043,False,1,1,request,certain,Urgent A+ blood needed for delivery patient.,bn,facebook,জরুরী ভিত্তিতে একজন ডেলিভারি রোগীর জন্য A+ রক্তের প্রয়োজন। রক্তের গ্রুপঃ A+ রক্তের পরিমাণঃ ১ ব্যাগ রক্তদানের স্থানঃ এ এম জি ওসমানী মেডিকেল কলেজ এন্ড হাসপাতাল। রক্তদানের সময়ঃ দুপুর ১ ঘটিকার মধ্যে যোগাযোগঃ <PHONE>,,,
1045,False,1,1,request,certain,Hospital needs O+ and AB+ blood urgently.,en,ebdr-twitter,RT @arsalanhshah: - Jinnah Hospital Lahore ~ We need O+ and AB+ blood #urgent #LahoreBlast https://t.co/PszDi5kXw1,,,
1047,False,1,1,request,certain,Emergency O+ blood 4 bags needed.,en,facebook,"EMERGENCY BLOOD NEEDED FOR A PATIENT Blood Group: O + Positive Blood quantity: 4 Bags Blood Donation Date: Within 2 hours. Blood Donation Place: MAG Osmani Hospital,Sylhet.",,,
1051,False,0,0,not_request,certain,Economics text about balance of payments.,bn,banglatlit,"""বিনিময় ভারসাম্য"" শব্দটি প্রায়ই এই সঙ্কলনটিকে নির্দেশ করে: একটি দেশের বিনিময় ভারসাম্য একটি নির্দিষ্ট পরিমাণে উদ্বৃত্ত হবে (একইঅর্থে, বিনিময় ভারসাম্য ধনাত্মক হবে) যখন তহবিল অর্জন (যেমন রপ্তানি পণ্য বিক্রি এবং বন্ড বিক্রি) তহবিলের ব্যয় থেকে সেই পরিমানে বেশি হবে (যেমন আমদানিকৃত পণ্যের মূল্য পরিশোধ এবং বিদেশী বন্ড ক্রয়ের জন্য অর্থ পরিশোধ) ।",,,
1052,False,0,0,not_request,certain,"Report of own donation, prayer.",bn,facebook,স্বেচ্ছায় রক্তদান করলাম... সেই ছোট্ট বাচ্চাটির যেন তাড়াতাড়ি আল্লাহতায়ালা সুস্থতা দান করেন (আমিন),,,
1054,False,0,0,not_request,likely,"Reply asking for hospital details, not itself an appeal.",en,ebdr-twitter,@Amit_MUFC Please share hospital name and contact details. Thanks!! #BloodMatters,,,
1055,False,0,0,not_request,certain,Mobile recharge question; unrelated.,bn,banglatlit,অহ নো....তাহলে তো আমাকে ২৯টাকা রিচার্জ করা লাগবে..২৯ টাকার ম্যাসেজ অবশ্য ফোন এ আইসিলো...ভাই আমার এক সিম ৫ মিন দিসে...সেম ট্রিক এ কি ফলো করবো???..আর ঐ সিম এ ২৯টাকা রিচার্জ এ ১ পয়সা পার সেক...কি করবো..এনি ওয়ান প্লিজ হ্লেপ,,,
1056,False,0,0,not_request,likely,"Reply asking for hospital details, not an appeal",en,ebdr-twitter,@r_abhishek Please share hospital name and contact details. Thanks!! #BloodMatters,,,
1060,False,0,0,not_request,likely,"Reply asking for contact details, not itself an appeal.",en,ebdr-twitter,@premkumar207 Please also mention contact details. Thanks!! #BloodMatters,,,
1068,False,1,1,request,certain,2 bags AB- needed for gallstone operation.,bn,facebook,"গণস্বাস্থ্য নগর হাসপাতাল ঢাকা , ধানমণ্ডি ৫ অপারেশন এর রোগি ৩ তলায় ৫ নাম্বার মহিলা ওয়ার্ড ভর্তি রত অবস্থায় আছেন। পিত্বে পাথর হওয়াতে অপারেশন প্রয়োজন। ২ ব্যাগ রক্তের প্রয়োজন। রক্তের গ্রুপ AB - <PHONE> যদি কেউ রক্ত দিতে ইচ্ছা পোষণ করেন তাহলে এই নাম্বারে যোগাযোগ করুন।",,,
1073,False,1,1,request,certain,"Four bags B+ needed for dengue patient, hospital and contact given.",bn,facebook,"রোগীর অবস্থা আশংকা জনক 😢 #_বি_পজিটিভ রক্তদাতারা এগিয়ে আসুন। ""ঢাকা শাহজাহানপুর"" ইসলামী ব্যাংক হাসপাতালে ডেঙ্গু আক্রান্ত এক বোনের প্লাটিলেট কমে যাওয়ায় আজ বিকেল ৪টার মধ্যে জরুরী ভিত্তিতে ৪_ব্যাগ (B+ve) #_বি_পজিটিভ রক্তের প্রয়োজন। কেবিন- ৪০৯, ৪র্থ তলা রোগীর মামাঃ <PHONE>",,,
1082,False,1,1,request,likely,Seeking AB- donor in Dhaka,bn,facebook,ঢাকায় AB - (ve) রক্তদাতা কেও আছেন? অনুগ্রহ করে কমেন্ট করুন,,,
1083,False,0,0,not_request,certain,PayPal help; unrelated.,bn,banglatlit,ব্র... হেল্প মে .. প্লিজ .....আমার পেপাল অ্যাকাউন্ট তে অ্যাডরেস প্রুফ চাচ্ছে......ইউএসএ ফেক এড্রেস অ্যান্ড নাম্বার দিয়ে ভেরিফাই করা.......এখন এই এড্রেস প্রুফ করবো ক্যামনে ... ..??/হেল্প করেন একটু......,,,
1106,False,1,1,request,certain,A+ blood appeal for tumor operation at Osmani.,bn,facebook,★একটি মানবিক আবেদন জরুরী প্রয়োজনে রক্তদাতারা এগিয়ে আসুন★ রোগীর সমস্যাঃ কানের টিউমার অপারেশন রক্তের গ্রুপঃ৷ A + হিমোগ্লোবিনঃ জানা নেই রক্তের পরিমানঃ ১ ব্যাগ রক্তদানের স্থানঃ ওসমানী মেডিকেল হাসপাতাল সিলেট রক্তদানের সময়ঃ ৪ /১০/২৩ রক্ত দানের সময় : আজকে রাত্রে যোগাযোগঃ<PHONE> রেফারেন্স: আমি নিজে,,,
1118,False,1,1,request,certain,A+ blood needed for thalassemia patient.,bn,facebook,বিরামপুর মর্ডানে ৭ বছরের থ্যালাসেমিয়া রোগীর জন্য এ পজিটিভ রক্তের প্রয়োজন। আগ্রহী রক্ত দাতা কে কমেন্ট করার জন্য অনুরোধ করা হলো।,,,
1123,False,0,0,not_request,certain,Political tweet; unrelated.,en,ebdr-twitter,@rizwanjanjua @Martial_Blood @Xadeejournalist @pmln_org @PTIofficial @PPP_Org Fauj ab tou samjh a gai na,,,
1158,False,0,0,not_request,certain,Retweet about doctor felicitation and medical camp.,en,ebdr-twitter,"RT @NajmaFatmaINC: Felicitation of Doctor's At Ambedkar Nagar, Cuffe Parade Medical Check up Camp by Shri @BhaiJagtap1 MLC under supervisi…",,,
1164,False,0,0,not_request,certain,Motivational post about donating.,bn,facebook,"রাজশাহী মেডিকেল কলেজের শিক্ষক প্রিয় বাদশা স্যার একদিন পড়ানোর সময় বলছিলেন রক্ত পাওয়ার যোগ্যতা তারই আছে যে জীবনে কখনো রক্তদান করছে...যে জীবনে কখনো রক্ত দেয়নি, তার বা তার পরিবারের প্রয়োজনে রক্ত পাবার অধিকার নেই.. রক্ত কৃত্রিম উপায়ে তৈরী করা যায় না।আপনি যদি রক্তদানের মাধ্যমে একজন মানুষের উপকারে এগিয়ে আসেন, আপনার বিপদে অবশ্যই অন্যকেউ এগিয়ে আসবে। আপনার বিপদে সৃষ্টিকর্তা নিজেই কাউকে পাঠাবেন। আপনি কারো জন্য মানবতাবোধ থেকে এগিয়ে না আসলে অন্য কারোরও দায় নেই আপনার বিপদে এগিয়ে আসার। আসুন কারো বিপদে এগিয়ে আসি,স্বেচ্ছায় রক্তদান করি এবং অন্যকেও রক্তদানে উৎসাহিত করি :-) #স্পর্শ <3",,,
1171,False,1,1,request,certain,One bag A- blood needed in Mirpur.,bn,telegram,"A-) একব্যাগ ব্লাড লাগে, ঢাকা মিরপুর ১। রোগীর সমস্যা হিমোগ্লোবিন কম।নাম্বার ছেলে আশরাফুল ইসলাম <PHONE>",,,
1177,False,0,0,not_request,certain,Environment law statement.,bn,banglanmt,পরিবেশ আইন ও বিধান ভঙ্গকারীদের বিরুদ্ধে শাস্তি নিশ্চিত করা প্রয়োজন।,,,
1191,False,1,1,request,certain,O+ blood urgently needed for child with transfusion need.,bn,facebook,"আমাদের এখানে একটা বাচ্চার ছোট বেলা থেকেই সমস্যা,,তার দেহে কোনো রক্ত তৈরি হয় না🥹🥹তাই তাকে প্রতি মাসে একবার করে রক্ত দিতে হয়,,তার জন্য প্রতিবারই রক্ত পাওয়া যায় কিন্তু এইবার পাওয়া যাচ্ছে না😭তাই খুব ইমার্জেন্সি রক্ত লাগবে ৪-৫ দিন এর মধ্যে 😭😭ও+ গ্রুপ এর🙏🙏 স্থানঃ নাটোর,, নলডাঙ্গা মোবাঃ <PHONE> please support humanity🙂🥺",,,
1199,False,0,0,not_request,certain,Cricket biography; unrelated.,bn,banglatlit,"ঘরোয়া ক্রিকেটে মোরাতুয়া স্পোর্টস ক্লাব ও নন্দেস্ক্রিপ্টস ক্রিকেট ক্লাব, শ্রীলঙ্কা কোল্টস একাদশ, গালে ডিস্ট্রিক্টস ক্রিকেট অ্যাসোসিয়েশন আমন্ত্রিত একাদশের প্রতিনিধিত্ব করেছেন তিনি।",,,
1203,False,0,0,not_request,certain,Thanks a donor for coming forward.,en,ebdr-twitter,Appreciate Aditi and thanks again for coming forward and joining this cause to save a life. #BloodMatters https://t.co/SgeovTJohD,,,
1224,False,1,1,request,certain,Urgent need 2 bags O- at United hospital.,en,facebook,📌Urgent need📌 O- blood (2 bag) Gulshan 2 (United hospital) Contact no: <PHONE> Note: Donor কে যে কোনো জায়গা থেকে নিজস্ব গাড়িতে pick করা হবে। — in Dhaka.,,,
1226,False,1,1,request,certain,"5 bags O+ needed for ICU patient, contact given.",bn,facebook,#রক্তের_প্রয়োজন _____________ . আমার খুব পরিচিত এক ভাইয়ের মা হার্ট আ্যটাকের কারণে ইউনাইটেড হসপিটালের আইসিইউ-তে ভর্তি। রক্ত লাগবে প্রায় ৮ ব্যাগ। ৩ ব্যাগ ম্যানেজ করা হয়েছে। . বাকী ৫ ব্যাগ আজকে রাতে বা কাল সকালে লাগবে। রক্তের গ্রুপ - “ও পজিটিভ”। . যোগাযোগঃ অরুণ ভাই। মোবাইল নাম্বারঃ <PHONE> . দয়া করে পোস্টটি কপি/শেয়ার করুন। আর যাঁদের রক্তের গ্রুপ “ও পজিটিভ” এবং রক্ত দিতে পারবেন – তাঁরা উপরের নাম্বারে যোগাযোগ করুন। . জাযাকুমুল্লাহু খাইরান।,,,
1230,False,1,1,request,certain,Four bags A- needed for open heart surgery.,bn,facebook,"""ঢাকার মিরপুরে"" এক বাবার জন্য দুর্লভ (A-ve) রক্তের প্রয়োজন..!! দিতে না পারলেও #কপি_পেস্ট_অথবা_শেয়ার করুন; যেন অন্য কেউ এগিয়ে আসে। ................................................. ওপেন হার্ট সার্জারির জন্য আজ (19/08/2015) সকাল ১০টার মধ্যে ""৪ব্যাগ"" #এ_নেগেটিভ রক্তের প্রয়োজন..। ............................................ স্থান : হার্ট ফাউন্ডেশন হাসপাতাল, মিরপুর-১, ঢাকা। [৭ম তলা, কেবিন নং- ৭২১] যোগাযোগ- <PHONE> (রোগীর ভাতিজা)",,,
1231,False,1,1,request,certain,3 bags A+ needed for uncle with brain tumor.,bn,facebook,"রাজশাহী মেডিকেল কলেজ হাসপাতাল এ আমার চাচার জন্য ৩ ব্যাগ (A+) এ পজিটিভ ব্লাড এমারজেন্সি দরকার আগামীকাল,,, ৩০/০৩/২০২৩😿 রোগের ব্রেন টিউমার প্লিজ হেল্প করেন <PHONE>",,,
1239,False,1,1,request,certain,O+ needed for brain operation at DMC.,bn,facebook,"রোগীর নাম : মোহাম্মদ দুলাল, রোগীর সমস্যা ব্রেন অপারেশন ইমারজেন্সি (O+) ও পজেটিভ রক্ত প্রয়োজন . যোগাযোগের নাম্বার: <PHONE> রক্তদানের স্থান ঢাকা মেডিকেল।",,,
1241,False,1,1,request,certain,O+ blood required urgently for baby.,tbn,telegram,"Help!!! O positive blood required urgently at B & c hospital,(only male blood needed)birtamode (Sano 1.5 month ko baby ventilator ma rakheko xa soo blood dherai jana ley di rakhnu parney vayera) Contact number-‪<PHONE>(uma rai)",,,
1243,False,1,1,unsure,likely,"Blood bank stock shortage appeal, not specific patient.",en,ebdr-twitter,"RT @PMOIndiaAD: B+ve out of stock in PGIMS Blood Bank, Rohtak(Haryana). Donors plz donate blood. @bloodaid @cbdonors @blooddonordelhi @rakt…",,,
1245,False,1,1,request,certain,Two bags B+ needed tomorrow for anemia patient.,bn,facebook,বি পজেটিভ রক্তদাতারা এগিয়ে আসুন আগামীকাল রায়হান ক্লিনিক এ রক্তশূন্যতা রোগীর জন্য দুই ব্যাগ রক্তের প্রয়োজন থাকে ইনবক্স করবেন,,,
1258,False,0,0,not_request,certain,Death news.,bn,banglanmt,তাকে গাজীপুরের শহীদ তাজউদ্দীন আহমদ মেডিক্যাল কলেজ হাসপাতালে নিয়ে গেলে কর্তব্যরত চিকিৎসক মৃত ঘোষণা করেন।,,,
1260,False,1,1,request,certain,Asks who can give AB+ for emergency operation,tbn,facebook,karu kace ki ab+ blood dite parben.. emergency operation,,,
1272,False,0,0,not_request,certain,Court news.,bn,banglanmt,কেরানীগঞ্জ কারাগারের আদালত স্থানান্তরের বৈধতা চ্যালেঞ্জ করে খালেদা জিয়ার দায়ের করা রিট আবেদন কার্যতালিকা থেকে বাদ দিয়েছেন হাইকোর্ট।,,,
1273,False,0,0,not_request,certain,Software version comment.,bn,banglatlit,"ভার্সন চলে ভি৩-বিল্ডেড-৮২০-প্লে, আর তুমি দিচ্ছ ৮১৮, পাওয়ারএম্প নেইম টাকে রিপ্লেস করে মনির সরকার নাম টা বসানো খুব বেশি ইম্পরটেন্ট? তার চাইতে বেটার",,,
1284,False,0,0,not_request,likely,"Asks members to list blood groups, no patient",bn,facebook,Attention: সবাইকে জানানো যাচ্ছে যে দয়া করে আপনাদের ব্লুদ গ্রুপ কমেন্ট বক্স এ লিকবেন অ্যান্ড phone number সহ। সবাই লিকবেন আতে করে আমাদের উপকার হবে গ্রপ এর সবাই লিকবেন সবাই । জারা সীন করবে পোস্ট অ্যান্ড কমেন্ট করবে নাহ তাদের গ্রুপ থেকে বের করে দেওইয়া হবে । আশা করি হেল্প তা করবেন।,,,
1285,False,1,1,request,certain,A+ and O+ blood needed for two anemia patients.,bn,facebook,আলাদা দুই রক্ত শূন্যতা রোগীর জন্য নবাবগঞ্জ ও বিরামপুরে এ পজিটিভ ও পজিটিভ রক্তের প্রয়োজন।,,,
1286,False,1,1,request,certain,Emergency A+ blood needed for aunt,bn,telegram,আমার একটা আন্টির জন্য ইমারজেন্সি A+রক্তের প্রয়োজন। মোবাইল : <PHONE> স্থান : Ahsania Mission Cancer & General Hospital,,,
1307,False,1,1,request,certain,One bag A+ needed for anemia patient today.,bn,facebook,আজ বিকালে বিরামপুর ইমার উদ্দীন কমিউনিটি হাসপাতালে রক্ত স্বল্পতা রোগীর জন্য এক ব্যাগ A+ রক্ত প্রয়োজন। আগ্রহী রক্ত দাতাকে কমেন্ট করার জন্য অনুরোধ করছি।,,,
1319,False,1,1,request,certain,A+ donor needed for delivery patient in Mirpur.,tbn,facebook,A+(ve) donor prayojon... Delivery patient... Location : mirpur... Contact <PHONE>..,,,
1341,False,1,1,request,certain,Retweet: platelets required for patient at NIBD.,en,ebdr-twitter,RT @MariaPtweets: #BloodDonation #Karachi platelets required for a patient at NIBD Hospital Near National Stadium Karachi. 7-10 bags are r…,,,
1345,False,0,0,not_request,certain,Hacking question,bn,banglatlit,আমার একটা কয়েচশান আছে ... আমি জানিনা যে আপনি এই ব্যাপারে জানেন কি না... বাট ধরেন আমই একজনের নাম্বার পাস বের করলাম...... বাট যে এআই বট টা ডেভেলপ করেছে...সে কি আমার হ্যাকড করা আইডি ইনফো দেখতে পারবে কিনা।,,,
1349,False,1,1,request,certain,A- donors needed for mother's operation.,bn,facebook,"#জুরুরী_পোস্ট ""এ"" নেগেটিভ রক্ত দাতারা এগিয়ে আসুন। রক্ত ছাড়া এক অসুস্থ মায়ের অপারেশন হচ্ছে না রক্ত পেলে অপারেশন হবে। যোগাযোগ :<PHONE>(ফাহিম),<PHONE>(রাসেল) স্থান: ইবনে সিনা মেডিকেল, ধানমন্ডি ঢাকা",,,
1356,False,1,1,request,certain,2 more bags O- needed for ICU patient in Chittagong.,bn,facebook,"জরুরী ভিত্তিতে চট্টগ্রাম মেডিকেল হসপিটালে ICU তে থাকা থাকা একজন মুমূর্ষু রোগীর জন্য ৬ ব্যাগ (O-) O-Negetive ব্লাড লাগে। রোগির লোক ৪ ব্যাগ ম্যানেজ করেছেন, ১ ব্যাগ পুশ করেছে, ৩ ব্যাগ হাতে আছে, আরো ২ ব্যাগ লাগে। রোগী ২ মাসের প্যাগনেন্ট ছিলো, পেটে টিউমার ধরা পরায় অপারেশন প্লাস অব্যরেশন করতে হয়েছে। Reference: Sazzad Mian রোগীর লোক: <PHONE> রহিম",,,
1366,False,1,1,request,certain,B+ needed for serious patient,bn,facebook,কুমিল্লার নবাবপুর চান্দিনায় এক রোগীর (বি+)রক্তের প্রয়োজন।রোগীর কন্ডিশন খুব সিরিয়াস যাতায়াত ভাড়া খরচ রোগীর লোক দিবে কেউ যদি থেকে থাকেন এই নাম্বার'রে যোগাযোগ করেন দ্রুত। <PHONE>-সোহাগ প্রধানীয়া,,,
1375,False,0,0,not_request,certain,Retweet about doctor felicitation and medical camp.,en,ebdr-twitter,"RT @NajmaFatmaINC: Felicitation of Doctor's At Ambedkar Nagar, Cuffe Parade Medical Check up Camp by Shri @BhaiJagtap1 MLC under supervisi…",,,
1379,False,1,1,request,certain,Urgent A+ blood for operation patient.,bn,facebook,"জরুরী ভিত্তিতে একজন অপারেশন রোগীর জন্য A+ রক্তের প্রয়োজন। রক্তের গ্রুপঃ A+ রোগীর সমস্যাঃ জরায়ু টিউমার রক্তের পরিমাণঃ ১ ব্যাগ রক্তদানের স্থানঃ ডেল্টা হসপিটাল, মিরবক্সটুলা, সিলেট রক্তদানের সময়ঃ আগামীকাল সন্ধ্যা ৬ ঘটিকার মধ্যে যোগাযোগঃ <PHONE>",,,
1381,False,1,1,request,certain,10 bags AB+ needed for shot friend at CMH.,en,telegram,"URGENT BLOOD NEEDED Blood Group: AB+ One of my friend has been shot and is currently admitted in ICU, Dhaka CMH. He needs 10 bags of AB positive blood as soon as possible. Please can anyone help immediately. If you live nearby or can get to CMH, please call me or Ashraful (my student who is currently at CMH with his friend) Ashraful : <PHONE> Rony: <PHONE> Please help, please 🙏 10 bags AB+ blood, Location: Dhaka",,,
1382,False,1,1,request,certain,B+ blood urgently needed for C-section patient.,bn,facebook,"একটি মানবিক আবেদন 🙏 জরুরী ভিত্তিতে রক্তের প্রয়োজন 🩸 💁রোগীর সমস্যাঃ সিজার 🔴রক্তের গ্রুপঃ B+ 💉 হিমোগ্লোবিনঃ 9.4 🌡রক্তের পরিমাণঃ ১ বেগ 📆রক্তদানের তারিখঃ২৪/০২/২০২৫ 🕓রক্তদানের সময়ঃ যখন পাওয়া যাবে। 🏥রক্তদানের স্থানঃ নুরজাহান হসপিটাল, দরগাহ গেইট, সিলেট। 📱যোগাযোগঃ <PHONE> Reference:Md. Gafur",,,
1383,False,0,0,not_request,certain,Software cracking discussion,bn,banglatlit,"এর থেকে অ্যাক ক্র্যাক করা ভালো... ইজি এইচএমএ থেকে নিয়ে একজন পোস্ট দিছিলো দেখলাম .. সে কি কি গুলা নিজে ক্র্যাক করছে নাকি অন্য জনের টা কপ করসে জানিনা.. এনিওয়েজ, নেক্সট পোস্ট নেটফ্লিক্স কুকি নিয়ে করেন .. অনেকের উপকার হবে",,,
1384,False,0,0,not_request,certain,Donation camp inauguration report.,en,ebdr-twitter,RT @GSriniv41220354: NER blood donation camp ni జ్యోతి ప్రజ్వలన చేసి రక్తదాన శిభిరం ప్రారంబిస్తున్న మన NER గారు #NERbloodcamp https://t.co/…,,,
1389,False,1,1,request,certain,Hospital needs O+ for injured patients,en,ebdr-twitter,RT @sheema_kh: Aga Khan Hospital in need of O+ blood for the critically injured patients (bus attack). #Ismaili #Safoora #Karachi,,,
1392,False,0,0,not_request,certain,Discussion about importance of donation.,bn,curated-adversarial,আমরা আমাদের গ্রুপে রক্তদানের গুরুত্ব নিয়ে আলোচনা করছি।,,,
1393,False,1,1,request,certain,O+ blood needed today for patient.,en,facebook,Need o+ blood emergency patient is in treatment hospital need blood today before 7pm Inbox me if anyone wants to donate!! It’s urgent!!,,,
1398,False,0,0,not_request,certain,Thai vocabulary retweet,en,ebdr-twitter,RT @tutor_chula: เรื่องเลือดๆ blood เลือด blood bank ธนาคารเลือด blood donor ผู้บริจาคเลือด bleed เลือดออก blood transfusion การให้เลือด/ถ่…,,,
1399,False,1,1,request,certain,Asks who can give B+ blood at Park View hospital.,en,facebook,Can anyone give (b+) blood in chittagong park view hospital?,,,
1412,False,0,0,not_request,certain,News of dengue death,bn,banglanmt,বরগুনায় ডেঙ্গু জ্বরে মজিবর রহমান মোল্লা নামে এক ব্যক্তি মারা গেছেন।,,,
1414,False,1,1,request,certain,AB- blood needed for blood cancer patient in Jessore.,bn,facebook,"""যশোরে"" এক ছোট বোনের জন্য [AB-] রক্তের প্রয়োজন। দিতে না পারলেও কপি/পেস্ট/শেয়ার করে অন্যকে দেয়ার সুযোগ করে দিন। ................................. ব্লাড ক্যান্সার আক্রান্ত রোগীর জন্য আগামীকাল [27-06-16] সকাল ১১ টার মধ্যে এক ব্যাগ #এবি_নেগেটিভ ব্লাড লাগবে।[ব্লাড ম্যানেজ হলে হসপিটালে এ্যডমিট হবে] .................................. .যশোর সদর হসপিটাল। যোগাযোগঃ <PHONE> (রোগীর আত্মীয়)",,,
1420,False,1,1,request,certain,B+ needed for gunshot patient at Chittagong Medical.,bn,telegram,চট্টগ্রাম মেডিকেলে ক্যাজুয়ালটি 2 নাম্বার ওয়ার্ড 12 নাম্বার বেড়ে গুলিবিদ্ধ এক ভাইয়ের B+ রক্ত লাগবে |আগ্রহী গণ দ্রুত যোগাযোগ করুন | রোগীর নম্বর <PHONE> Dsc পোস্ট করার পরে 4 ব্যাগ রক্ত জোগাড় হয়েছিল যা ইতিমধ্যে শেষ | অনুগ্রহ করে সবাই একটু হেল্প করেন প্লিজ |,,,
1427,False,1,1,request,certain,"Urgent O- required at hospital, please RT.",en,ebdr-twitter,RT @HugOfPeace: Urgent required O- in Sterling Hostpital #Ahmedabad. Contact Chetan <PHONE> or Mitesh Jain on <PHONE>. Please RT @A…,,,
1430,False,0,0,not_request,certain,News of dengue death.,bn,banglanmt,ডেঙ্গু জ্বর নিয়ে তিনি শনিবার রাতে ভর্তির পর আজ রোববার বেলা ১১টার দিকে মারা যান।,,,
1439,False,0,0,not_request,certain,News about aid to Rohingyas.,bn,banglanmt,বাংলাদেশে আশ্রয় গ্রহণকারী রোহিঙ্গাদের জন্য আরো ৪৭ মিলিয়ন ডলার সহায়তা দেবে যুক্তরাষ্ট্র।,,,
1441,False,1,1,request,certain,"AB- blood required in Rawalpindi, contact.",en,ebdr-twitter,RT @SaveLifePK: AB- #blood group required in #rawalpindi. Please contact on <PHONE>. #SaveLife #SaveLifeFoundation #BeAHero via @BDonor…,,,
1449,False,1,1,not_request,likely,Asking regular donors to share group and location.,bn,facebook,"আপনার রক্ত কতজনের শরীরে বহমান. নিয়মিত রক্ত দেন বা দিতে চান এমন যারা আছেন কাইন্ডলি রক্তের গ্রুপ, লোকেশন টা একটু জানাবেন 🌺",,,
1462,False,0,0,not_request,certain,Sharing blood type info; no request.,bn,curated-adversarial,আমি সেম্পর্কের জন্য রক্তের টাইপ সম্পর্কে তথ্য শেয়ার করছি।,,,
1465,False,1,1,request,certain,Urgent A- blood at DMC for child surgery.,tbn,telegram,"""A( -ve) blood lagbe urgent DMC te. Keu thakle please contact <PHONE> Name- Nasim Sabbir. Ekta bacchar surgery er jonno lagbe nahole bachano possible na.",,,
1467,False,0,0,request,likely,"Person needs transfusion of rare blood type, begging for help.",en,ebdr-twitter,"Guys I need a transfusion but my type of blood is very rare, can you guys help me out... please I’m begging you guys!!!",,,
1470,False,1,1,request,certain,Bombay O+ blood needed for mother at BSMMU ICU.,bn,facebook,"আমার আম্মুর জন্য এক ব্যাগ ও পজেটিভ (বোম্বে) ব্লাড প্রয়োজন।বম্বে ব্লাড গ্রুপ খুব রেয়ার,সাধারণত প্রতি দশ লক্ষ মানুষের মধ্যে একজনের হয় এই ব্লাড গ্রুপ।দয়া করে এক ব্যাগ ও পজেটিভ বম্বে ব্লাড ম্যানেজ করতে সাহায্য করুন।🙏 *যোগাযোগের ঠিকানা- মাহাথীর মোহাম্মদ মিম মোবাইল নম্বর - <PHONE> ইমারজেন্সি আইসিইউ, ব্লক সি পিজি, বঙ্গবন্ধু শেখ মুজিব মেডিকেল বিশ্ববিদ্যালয় শাহবাগ, ঢাকা। যদি কোন ব্যক্তির রক্তের গ্রুপ ও পজেটিভ (বোম্বে) হয়ে থাকে তাইলে সরাসরি উপরোক্ত ঠিকানা অনুযায়ী জরুরী ভিত্তিতে যোগাযোগ করুন প্লিজ।",,,
1476,False,1,1,not_request,likely,Ready donors offered in Comilla; an offer.,bn,facebook,রেডি ডোনার 🅰️🅱️⛔ কুমিল্লা রোগীর বিস্তারিত গ্রুপে দিয়ে হিমোগ্লোবিন রিপোর্ট নিয়ে ইনবক্স আসবেন............🥰,,,
1486,False,0,0,not_request,likely,"Recruiting voluntary donors, no specific patient.",bn,facebook,আপনারা কেউ যদি স্বেচ্ছায় রক্তদান করতে চান তাহলে আমার সাথে যোগাযোগ করতে পারেন।আমাকে কমেন্টে জানাতে পারেন অথবা ইনবক্স করতে পারেন। ধন্যবাদ ❤️,,,
1490,False,1,1,request,certain,B+ blood needed for burn patient at DMC.,bn,facebook,"""ঢাকা শাহবাগে"" একজন ভাইয়ের জন্য [B+] রক্তের প্রয়োজন দিতে না পারলেও কপি পেস্ট শেয়ার করুন; যেন অন্য কেউ এগিয়ে আসে। ••••••••••••••••••••••••••••••••••••••••••••••••••••• আগুনে পুড়ে যাওয়া এক ভাইয়ের জন্য (25-01-16) সকাল ১১টার মধ্যে ১ ব্যাগ ""বি পজেটিভ"" রক্তের প্রয়োজন। ••••••••••••••••••••••••••••••••••••••••••••••••••••• স্থান: ঢাকা মেডিকেল কলেজ। Barn unit - Male bed no- 5 মোবাইল: <PHONE> (রোগীর ভাই)",,,
1494,False,1,1,request,certain,Needs 2 bags AB+ for cancer patient.,tbn,facebook,"Save life please: Mrs.Anwara Begum's a Cancer-patient (60years aged) her one kidney's damaged, operation'll be done at 10/11am tomorrow. Needs 2bags blood(AB+). Kidney & Urology Hospital (Attached to Sohrawardi Hospital), 2nd floor (Cabin#2). Contact person: Mr. Shorif- <PHONE>. Expecting your kind favor please....",,,
1499,False,1,1,request,certain,O+ urgently required in Lahore with contact,en,ebdr-twitter,"#Lahore O +ve Urgently required in shadbagh, Lahore after iftaar Please Contact: <PHONE>",,,
1501,False,1,1,request,certain,Asks for two bags B+ blood for mother.,bn,facebook,নিজে হাসপাতালের বেডে শুয়ে শ্বাস নিতে পারছিনা! অক্সিজেন এর অভাবে পাশে মায়ের ব্লাড ক্যান্সার রক্ত জোগাড় করতে পারছেনা নাবালক দুই বাচ্চা মাকে জড়িয়ে ধরে কাদছে বঙ্গবন্ধু হাসপাতালের দৃশ্য এটা । প্লিজ দুই ব্যাগ B + রক্ত দিয়ে এই মাকে ফিরিয়ে দিন সন্তান দের কাছে। যোগাযোগ <PHONE> রোগীর স্বামী আজ এক ব্যাগ কাল এক ব্যাগ রক্ত লাগবে। প্লিজ এগিয়ে আসুক,,,
1506,False,0,0,not_request,certain,Sharing awareness post about thalassemia donation.,bn,curated-adversarial,আমি থেলাসেমিয়া রোগীদের জন্য রক্তদানের গুরুত্ব সম্পর্কে একটি পোস্ট শেয়ার করছি।,,,
1507,False,0,0,not_request,certain,Gmail account creation discussion.,bn,banglatlit,অনেক ভাবে ট্রাই করসি ভিপিএন ও ইউস করসি ..ফোন থেকে সব জিমেইল সরাইয়া দিসি তাও ফোন নাম্বার ছাড়া আইডি ক্রিয়েট করা যায়না ..আপনি ৫টা করসেন ..ভুলে হয়তো আটকে নাই আর ২/১ টা করে যখন আটকে যাবেন ..দেন নিজেই আনলিমিটেড জিমেইল ক্রিয়েট এর ট্রিকস খোঁজবেন,,,
1517,False,0,0,not_request,certain,Forum comment; unrelated.,bn,banglatlit,আমি ২০১৩ সাল থেকে কানেক্ট আজো আছি তবে আজকাল আগের মত ডেঞ্জারাস পোস্ট হয় না মাঝে। মাঝে কষ্ট লাগে তার পর ও আছি যেকোনো প্রয়োজনে সবার আগে আমি ট্রিকবিডি তেই সার্চ দেই গুগলের এর আগে?,,,
1520,False,0,0,not_request,certain,Request closed; donors already found.,en,ebdr-twitter,@BloodDonorsIn @imssurendhar As of now they got donors... They will bleed tomorrow. #request_closed,,,
1524,False,0,0,not_request,certain,Nurse job ad.,en,ebdr-twitter,Scrub nurse urgently required in Kent https://t.co/ZOb3L0czxh Job Kent,,,
1526,False,1,1,request,certain,"Urgent A+ blood needed at Women's Medical, Sylhet with contact.",bn,facebook,"A+ রক্ত আর্জেন্ট লাগে প্লীজ কারো থাকলে একটু সাড়া দিন? উইমেন্স মেডিকেল, সিলেট। <PHONE>",,,
1529,False,0,0,not_request,certain,Job advertisement.,en,ebdr-twitter,Hail Jobs | Aesthetic Dermatology Specialist Job Link: https://t.co/je1WEROXyW #Jobs #Job #Doctor #Doctors… https://t.co/iRcMHL26NM,,,
1531,False,0,0,not_request,certain,Conspiracy video about donation.,en,ebdr-twitter,Asem oo... Dr. Osei Kwame Despite Blood Donation is For Illuminati Sacrifice. Ev. Addai: https://t.co/OG0KM2q1kb via @YouTube,,,
1537,False,0,0,not_request,certain,Thanks to donor who already donated.,en,ebdr-twitter,"RT @dhirendra00009: Heartiest thanks to Gopinath Mishra sir,who donated A-ve in an emergency condition to a needy patient Sumita das at AMR…",,,
1539,False,0,0,not_request,certain,Complaint about teaching; unrelated.,bn,banglatlit,"এগুলা এতো সহজে শেখা গেলে তো হতোই, মানুষ ২০০০০ টাকা দিয়ে শিখতে পারেনা, হাতে ধরে দেখিয়ে শিখাতে চাইলাম একজনকে, খুব শিখতে চাইলো, যখন মাত্রও ২০০ টাকা চাইলাম তাও ডাটা খরচ, যা দিয়ে তাকে ভিডিও শেয়ার করে শেখানো যাবে, সেই দৌড় দিলো….. রিমুভ ব্লক….. এরেই বলে বাঙালি………….. 🙁 বললে পারতো যে নাহ দেবো না, বেটার আয় কিন্তু ১০০০ ডলার প্রতি মাসে। শিক্ষা হলো, আর কাউকে আগেই কোস্ট না নিয়ে স্টার্ট ই করবোনা, …….",,,
1545,False,1,1,request,certain,3 bags B+ urgently needed for delivery patient.,bn,facebook,জরুরি ভিওিতে ৩ ব্যাগ B+ রক্ত লাগবে । ডেলিভারি রোগী. সমস্যা রক্ত শূন্যতা এমারজেন্সি কেউ থাকলে উক্ত নাম্বারে যোগাযোগ করার জন্য অনুরোধ করছি নাম্বার <PHONE>,,,
1546,False,1,1,request,likely,Urgent need for blood donors after accident.,en,ebdr-twitter,RT @arsalanhshah: - Urgent Requirements for #Blood Donors after the #KolkataFlyOver Accident... #KolkataTragedy #Ind https://t.co/E9LqSh1s…,,,
1552,False,1,1,request,certain,AB+ blood needed emergency appeal.,en,facebook,AB+ blood needed emergency. Anyone’s please response 🙏,,,
1555,False,0,0,not_request,certain,Job advertisement.,en,ebdr-twitter,SALES EXECUTIVES REQUIRED - https://t.co/RXcIeskFod - scholastic tours Location : Shimla HP IN Urgently requir...,,,
1557,False,0,0,not_request,certain,Anniversary celebration of donor group,bn,facebook,আলহামদুলিল্লাহ..... হেয়াতপুর ব্লাড ডোনেশন গ্রুপের ৪র্থ প্রতিষ্ঠা বার্ষিকী অনুষ্ঠানে শত শত স্বেচ্ছাসেবী মিলন মেলায়! আমরা সবাই রক্ত যোদ্ধা।,,,
1567,False,0,0,not_request,certain,Post mortem report discussion.,en,ebdr-twitter,"RT @madhukishwar: 2. In section on Thorax in picture below, Post Mortem report first says ""Nil"". Later addition, "" small amount of blood st…",,,
1572,False,0,0,not_request,certain,Donation camp report.,en,ebdr-twitter,RT @Abhishe40367323: NER blood donation camp లో రక్తదానం చేసిన యువతకు ఉద్దేశించి రెడ్ క్రాస్ బ్లడ్ బ్యాంకు మేనేజర్ కామేశ్వరరావు గారు NER గా…,,,
1574,False,1,1,request,certain,Urgent B+ blood for tumor operation in Bogura.,bn,facebook,"জরুরি ভিত্তিতে রক্তের প্রয়োজন রোগীর সমস্যাঃ টিউমার অপারেশন গ্রুপঃ বি পজেটিভ স্থানঃ ""সোনার মদিনা হসপিটাল"" বগুড়া পরিমানঃ ১ব্যাগ সময়ঃ আজ সন্ধ্যা ৭ টায় অপারেশন যোগাযোগ:<PHONE>",,,
1576,False,0,0,not_request,certain,Phone rooting question.,bn,banglatlit,মাই ডিয়ার সুইট ফ্রেন্ড আমার স্যামসাং জে৫ প্রাইম রুট করা আশে.. আমার ফোন এ এটা কি কাজে ব্যবহার হতে পারে। যদি একটু বুঝিয়ে বলেন ভালো হতো খুব...এটা তো রুট করার সময়ে একটু ইনস্টল হয়েছিল... বাট প্রো ভার্সন না,,,
1577,False,1,1,request,certain,A+ blood needed for critical patient in Khulna.,bn,facebook,একজন মুমূর্ষু রোগীর জন্য রক্তের প্রয়োজন রক্তের গ্রুপ A (A positive) রক্ত দিতে হবে খুলনা ২৫০ শয্যার হসপিটালে <PHONE>,,,
1584,False,0,0,not_request,certain,BTS song list retweet.,en,ebdr-twitter,RT @sabrinafe15: @MTV_JAPAN @btsanalytics Fake Love DNA Blood Sweat and Tears Fire I Need You Not Today Serendipity Singularity Dope Sprin…,,,
1589,False,1,1,request,certain,O+ blood needed at Dhaka Medical for cancer patient.,bn,facebook,ঢাকা বাসির কাছে আমার একটাই অনুরোধ এক ব্যাগ O+ পজেটিভ রক্তের প্রয়োজন। 23/11/2017 ঢাকা মেডিকেলে একজন ব্লাড ক্যান্সার ভোনের জন্য O+ Ve রক্তের প্রয়োজন। সময়ঃ সকাল ১০টা ঠিকানঃ ঢাকা মেডিকেল যোগাযোগঃ <PHONE> (রোগীর ভাই) রেফারেন্সঃ Bashar Ajom,,,
1590,False,0,0,not_request,certain,Apology to forum moderators.,bn,banglatlit,ইনশাআল্লাহ করব না এমতি যেন না হয় কেউ আল্লাহর নাম এ কসম করে তা ভঙ্গ করে ভাই আমি একটা ভুল করেছি কিন্তু এভাবে আজীবনের জন্য ব্যানড করেন না মোডারেটর ভাইয়ার প্লিজ ভাই আমাকে আরেকবার কন্ট্রিবিউটর করুন আমি কথা দিচ্ছি আল্লাহর নাম এ আর কোনদিন ঐভাবে বাজে কমেন্ট করবো না। আল্লাহ হাফেজ..আপনার অপার আল্লাহর শান্তি বর্ষিত হোক।,,,
1594,False,1,1,request,certain,Two blood bottles required for friend's mother.,en,ebdr-twitter,Urgently Two blood bottles are required for my friends mother in jinnah hospital .can anyone arrange .please do con… https://t.co/aljNrJ0mbe,,,
1595,False,0,0,not_request,certain,Crime news retweet.,en,ebdr-twitter,"RT @AMike4761: #INDIA : Irfan KHAN s/o Zahir Khan, and Mohd. Aasif"" raped a 7 year old Girl in Mandsaur &amp; tried to kill her. Irfab is Arres…",,,
1607,False,0,0,not_request,certain,Unsure about attending blood drive.,en,curated-adversarial,I am not sure if I can attend the blood drive tomorrow.,,,
1622,False,1,1,request,certain,Two bags A+ needed tomorrow in Birampur.,bn,facebook,আগামীকাল বিরামপুরে দুই ব্যাগ A+ রক্ত প্রয়োজন। কেউ দিতে পারলে জানাবেন প্লিজ!!,,,
1625,False,0,0,not_request,certain,Thanks for completed donation,en,ebdr-twitter,We would like to thanks Ashok sir who donated O-VE in an emergency condition at capital hospital Bhubaneswar for a… https://t.co/LTxeqoX72t,,,
1626,False,1,1,request,certain,Two bags O+ needed for brain tumor patient.,bn,facebook,👦 রোগীর সমস্যা : brain tumer 🔴 রক্তের গ্রুপ : 0+ 💉 রক্তের পরিমাণ : 2 bag ⌚ রক্তদানের সময় : agami kal sokal 8 tar modde ⌚ রক্তদানের তারিখ : 03/09/2019 🏥 রক্তদানের স্থান : national Institute of neuroscience hospital.dhaka ☎ যোগাযোগ <PHONE> (abdul),,,
1639,False,1,1,request,certain,2 bags O- needed for anemia patient,bn,facebook,"""ঢাকার ধানমন্ডিতে"" O- রক্ত দরকার: রক্তস্বল্পতার রোগীর জন্য আগামী পরশু (<PHONE>) ২ ব্যাগ ""ও নেগেটিভ"" রক্ত দরকার। স্থানঃ ধানমন্ডি ২৭,৩২ এ(এখনো ভর্তি হয় নি) যোগাযোগঃ <PHONE>",,,
1644,False,1,1,request,certain,"Urgent B+ blood needed for caesarean, details given.",bn,facebook,"একটি মানবিক আবেদন 🙏 জরুরী ভিত্তিতে রক্তের প্রয়োজন 🩸 💁রোগীর সমস্যাঃ সিজার 🔴রক্তের গ্রুপঃ B+ 💉 হিমোগ্লোবিনঃ 9.4 🌡রক্তের পরিমাণঃ ১ বেগ 📆রক্তদানের তারিখঃ২৪/০২/২০২৫ 🕓রক্তদানের সময়ঃ যখন পাওয়া যাবে। 🏥রক্তদানের স্থানঃ নুরজাহান হসপিটাল, দরগাহ গেইট, সিলেট। 📱যোগাযোগঃ <PHONE> Reference:Md. Gafur",,,
1649,False,0,0,not_request,certain,Cannabis market news.,en,ebdr-twitter,Canadian Medical #Cannabis Patient Growth Slows while Demand for #Oils Surges https://t.co/yf5Fkbj8ki #ACMPR #Ontario #HealthCanada,,,
1654,False,0,0,not_request,certain,Gaming post,en,ebdr-twitter,"Looking for Lamar, if anyone can help, i love you long time #PS4share https://t.co/2KsNehpm0h",,,
1664,False,1,1,request,certain,Urgent O+ blood needed at Uttara hospital.,bn,telegram,জরুরী ভিত্তিতে উত্তরা জমজম টাওয়ারের পাশে (উত্তরা চৌরাস্তা) শিন শিন জাপান হাসপাতালে O+ রক্ত প্রয়োজন এখুনি। আগ্রহী ডোনারগণ অতি সত্ব যোগাযোগ করুন ☎️ শাহজালাল ( <PHONE>),,,
1666,False,0,0,not_request,likely,"Reply asking for contact details, not itself an appeal",en,ebdr-twitter,@MaheshS66018077 Plese share contact details. Thanks!! #BloodMatters,,,
1674,False,0,0,not_request,likely,"Asks to promote donor handle, no specific need.",en,ebdr-twitter,RT @iAmInziee: @kkriders plz share the handle @blooddonorsIn to ur followers. and aske them to RT the blood request of their area.. This ha…,,,
1675,False,1,1,request,certain,B+ blood needed for bypass surgery,bn,telegram,"জরুরী রক্তের প্রয়োজন 💁রোগীর সমস্যা : Heart Bypass Surgery 🔴রক্তের গ্রুপঃ B+ 💉রক্তের পরিমাণঃ 1 Bag 📆রক্তদানের তারিখঃ 3rd August, 2024 ⌚রক্তদানের সময়ঃ Anytime 🏥রক্তদানের স্থান : United Hospital, Gulshan, Dhaka ☎যোগাযোগ: <PHONE>",,,
1681,False,0,0,not_request,certain,"Download tips, unrelated.",bn,banglatlit,ব্রো ...ucদিয়ে ডাউনলোডের স্পিড অনেক বাট এটা ট্রাই করলে লাভ এই হবে..150mb দিয়ে যেকোনো সাইট থেকে ডাউনলোড লিংক নিয়ে ইউসি দিয়ে ডাউনলোড করতে পারবেন..কারণ ইউ সি সব সাইট থেকে ডাউন হয় না,,,
1686,False,0,0,not_request,certain,Donation camp report,en,ebdr-twitter,RT @Nimmichopra77: #FreeMonthlyCheckupCamps A Free General Medical Camp and Blood Donation Camp were organized at Shah Satnam Ji Dham prem…,,,
1688,False,0,0,not_request,certain,Android tech help question.,bn,banglatlit,আমার এন্ড্রোয়েড ৪।২।২ জেলিবিন।রুট করে একটা সিস্টেম অ্যাপ আনইনস্টল দিসি।যার কারণে আর কোনো অ্যাপ্প্স ইনস্টল বা আনইনস্টল হচ্ছে না।অ্যাপ্প্স টির নাম ছিলো প্যাকেজ ইনস্টলার।প্লে স্টোরে এ অনেক খুজেসি পাই নাই।নাউ কি করবো প্লিজ হেল্প মি।এনবি।প্লে স্টোরে থেকে অন্য ইনস্টল করা যায় শুধু।কোনো অ্যাপ্প্স অন্য কোনো উপায়ে ডাউনলোড করলে সেটা ইনস্টল হয় না।লেখা আসে নোট সাপর্টেট।ফোন রিস্টোর দিয়ে ও কাজ হয় নাই।নাউ কি করবো,,,
1694,False,1,1,request,certain,"Urgent O+ blood needed, asks who can give.",tbn,facebook,O+(positive) Blood need it's urgent :-) Keu dite raji achen? <PHONE>,,,
1704,False,0,0,not_request,certain,Pride/motivation about donating.,bn,facebook,"আপনার রক্তের গ্রুপ কি? A+ A- B+ B- O+ O- AB+ AB- আমার রক্তের গ্রুপ B+♥ আমি গর্বিত, আমি একজন রক্তদাতা♥ ♥♥আসুন সকলেই রক্তদান করি♥♥",,,
1711,False,0,0,not_request,certain,Game post,bn,banglatlit,অ্যাটেনশন…@User… জাভা এর একটা “থ্যাংক এক্স” গেম আছে। যেটা মাল্টিপ্লেয়ার ব্লুটুথ দিয়ে খেলা যায়। আমি চাইলে পোস্ট করতে পারি কিন্তু পাবলিশ হবে না…তাই একটা পোস্ট করলে সবাই মাল্টিপ্লেয়ার খেলার সুযোগ পাবে..,,,
1718,False,0,0,not_request,certain,Medical and blood donation camp announcement.,en,ebdr-twitter,RT @Nimmichopra77: #FreeMonthlyCheckupCamps A Free General Medical Camp and Blood Donation Camp were organized at Shah Satnam Ji Dham prem…,,,
1727,False,1,1,request,certain,Ten bags O- needed for injured girl.,bn,facebook,"আমাদের পরিচিত এক ফ্যামিলি চিটাগাং এ রোড এক্সিডেন্টে পড়েছে এবং তাদের ১১ বছরের মেয়েটি গুরুতর আহত হয়েছে। চিটাগং মেডিকেলে অপরেশন শুরু হবে। দশ ব্যাগ ""O Negative"" রক্ত লাগিবে। জরুরি। contact : <PHONE> / <PHONE>",,,
1731,False,0,0,not_request,certain,Anatomy definition.,bn,banglatlit,অভ্যন্তরীণ ঘূর্ণন(বা মিডিয়াল রোটেশন) এবং বহিঃস্থ ঘূর্ণন(বা ল্যাটেরাল রোটেশন) বলতে কোন অংশকে শরীর থেকে দূরে (বহিঃস্থ) বা কাছে(অভ্যন্তরীণ) ঘূর্ণনকে বুঝায়।,,,
1732,False,1,1,request,certain,One bag A+ needed for liver patient.,bn,facebook,"একজন লিভার এর রুগির রক্তশুন্যতায় ঢাকার প্রান্থপথে আজ ২৫/৮/১৫ বিকেল ৩ টার আগে একব্যাগ এ পজেটিভ রক্তের প্রয়োজন। আপনি দিতে না পারলে ও শেয়ার করে ছড়িয়ে দিন,যাতে অন্য কেউ এগিয়ে আসে।আপনার সামান্য সচেতনতা পারে একটি জীবন বাঁচাতে। ঢাকা,প্রান্থপথ।গ্যাস্টলিভার হাসপাতাল। সেকশন বি, কেবিন ১০০৩। যোগাযোগ : <PHONE>",,,
1739,False,1,1,request,certain,B+ platelets/donors needed for father at Delta hospital.,bn,facebook,"একব্যাগ প্লাটিলেট Sabrina Sabrina আপু দিবেন ❤️ আলহামদুলিল্লাহ| আর কেউ দিতে চাইলে জানাবেন আবার দরকার হলে নেয়া যাবে| যেই মেয়েটা সবার জন্য রক্ত খুঁজে দেয়| আজকে তার বাবার জন্যই রক্ত দরকার| সবাই এগিয়ে আসুন- কেউ B+ প্লাটিলেট দিতে পারবেন প্লিজ? অথবা ৪ জন রক্তদাতা দরকার| বাবার জন্য ""ঢাকায়"" B+ প্লাটিলেট রক্ত দরকার: স্ট্রোকের রোগীর জন্য আজ [<PHONE>] ১ ব্যাগ “বি পজেটিভ"" রক্ত দরকার। স্থানঃ ডেল্টা হাসপাতাল। ফোনঃ <PHONE> (রোগীর আত্মীয়)",,,
1744,False,1,1,request,certain,Retweet: negative blood urgently required in Lahore hospital.,en,ebdr-twitter,"RT @theironicirony: VERY URGENT! AOA. Ab -ve , B -ve or O -ve blood is urgently required in Hameed Lateef Hospital #Lahore. We are unable…",,,
1746,False,0,0,not_request,certain,Narrative text.,bn,banglatlit,তাদের সাথে আলাপের পর তিনি স্কুলের ক্লাসের পর শহরতলীর গোমতী তীরবর্তী গ্রাম গুলিতে ঘুরে ঘুরে তাদের উৎপাদিত সবজি কিনে ঝুড়িতে ভরে মাথায় করে নিয়ে এসে বাজারের দোকানিদের কাছে বিক্রি করতে লাগলেন।,,,
1752,False,1,1,request,certain,A- donor needed for shot student in Uttara.,bn,telegram,"HELP🚨 জরুরী উত্তরায় এক ছাত্র মাথায় গুলি লেগেছে। জরুরী ভিত্তিতে এ নেগেটিভ রক্তের প্রয়োজন। উত্তরায় একজন এ নেগেটিভ ডোনার খুঁজে দিন প্লিজ। যোগাযোগ: <PHONE> (সুমন) রোগীর নাম: তামিম। হাসপাতাল: উত্তরা ল্যাব এইড, সেক্টর ৬. রক্তের ধরন: এ- নেগেটিভ।",,,
1754,False,1,1,request,certain,Urgent 2 B+ donors for brain operation.,en,ebdr-twitter,"REPOST: URGENT: 2 B+ve donors tomorrow for Devendra G Patel (Brain operation) at K.E.M Hospital, Parel. Please... http://bit.ly/bsAWzv",,,
1761,False,0,0,not_request,certain,General statement about hospital blood banks.,bn,curated-adversarial,হাসপাতালের রক্তব্যাংক মেডিকেল জরুরী অবস্থার ব্যবস্থাপনার জন্য অত্যন্ত গুরুত্বপূর্ণ।,,,
1765,False,1,1,request,certain,One bag B- needed for a mother.,bn,facebook,B- নেগেটিভ এক ব্যাগ রক্তের প্রয়োজন একজন মায়ের জন্য। দয়া করে কেউ হেল্প করেন😭,,,
1780,False,1,1,not_request,likely,Offers O+ blood if anyone in Comilla needs.,bn,facebook,কুমিল্লা কোথাও কী ও পজিটিভ রক্ত লাগবে লাগলে যোগাযোগ করতে পারেন,,,
1782,False,0,0,not_request,certain,Earning app discussion,bn,banglatlit,ভাই ২০০+ ৩০০ টাকা ১ জিবি কিনে যে আরনিং শুরু করব ওই টাকাই উঠবে না হিসাব করে দেখলাম ২০+ ৩০ দিনে ৫০০০০+ ২ বা ৩ $ হবে সর্বোচ্চ এতে কি বুঝবে এমবি টাকায় উঠবে না ভাই অ্যাপস এ করাকে ফকির হওয়ার দরকার নাই ভাই,,,
1788,False,1,1,request,certain,Appeal for A+ blood for leukemia patient.,en,ebdr-twitter,"Appeal for A+ Blood Lt Idrees, 135 L/C has been diagnosed with Leukemia (Blood Cancer) and admitted in Shiekh Zaid… https://t.co/PCmzM2BPLY",,,
1793,False,0,0,not_request,certain,Referral earning tip.,bn,banglatlit,সপোস আপনি রবি সিম এ কিনতে চাইলে ৬৭ ডেন্ট এ ১ জিবি.. তো আপনি প্রতিটা একাউন্ট এ ৭০ ডেন্ট করে জমাবেন.. তাহলে খুব সহজে অনেক ডেন্ট আর্ন করতে পারবেন.. আমি মাত্র ৬ টা রেফার এ ৪০০+ ডেন্ট পেয়েছি এভাবে,,,
1808,False,1,1,request,certain,A- donor needed for shot student in Uttara.,bn,telegram,"HELP🚨 জরুরী উত্তরায় এক ছাত্র মাথায় গুলি লেগেছে। জরুরী ভিত্তিতে এ নেগেটিভ রক্তের প্রয়োজন। উত্তরায় একজন এ নেগেটিভ ডোনার খুঁজে দিন প্লিজ। যোগাযোগ: <PHONE> (সুমন) রোগীর নাম: তামিম। হাসপাতাল: উত্তরা ল্যাব এইড, সেক্টর ৬. রক্তের ধরন: এ- নেগেটিভ।",,,
1811,False,1,1,request,likely,Seeks AB+ donors in Birampur for a patient.,bn,facebook,বিরামপুরে এবি+ রক্তদানে ইচ্ছুক থাকলে কমেন্ট করুন। রোগীর বিস্তারিত কমেন্টে.......,,,
1823,False,1,1,request,certain,1 bag B+ needed for caesarean in Sylhet.,bn,facebook,১ জন বোনের জন্য ১ ব্যাগ B+ ব্লাড লাগবে। রোগীর সমস্যা -সিজার টাইম-ইমারজেন্সি এখন দিলে এখন সিজার হবে। স্থান-রাকিব রাবেয়া মেডিকেল হসপিটাল সিলেট যোগাযোগ রোগীর ভাই-<PHONE>,,,
1832,False,0,0,not_request,certain,Internet trick discussion.,bn,banglatlit,"এইভাবে বেশি গবেষণার কারণে ইসিনেট ফ্রি ইন্টারনেট হারাইসি আমরা।আবার শুরু হইসে পচানো।ট্রিকবিডি যেন স্কাই বিডি হয়ে যাচ্ছে। সমস্যা হইসে সবাই জানে,এটা নিয়ে পোস্ট o আসে।যখন সল্যুশন আসবে তখন জানালে সবাই উপকৃত হবো।",,,
1837,False,1,1,request,certain,Patient needs 3 bags AB+ blood.,en,facebook,"A patient urgently needs 3 bags of AB(+ve) blood tomorrow, day after tomorrow, and later on respectively. If any of you really wills to donate,please contact as early as possible! Again blood group : AB(+ve) Place: New Bardem Hospital Dhaka( opposite to Press Club) Contact : <PHONE>",,,
1838,False,0,0,not_request,certain,Job advertisement.,en,ebdr-twitter,urgently required Executive assistant for our company. - https://t.co/uqOnbGpyk4 - SWADESH INFRA MARKETING PVT LT...,,,
1839,False,0,0,not_request,likely,"Asks people their blood group, no need stated.",en,ebdr-twitter,Your Blood Group is ? #blood #BloodDonors #service #Donors,,,
1856,False,0,0,not_request,certain,Child drowning news.,bn,banglanmt,সাতক্ষীরার তালা উপজেলায় পুকুরের পানিতে ডুবে মরিয়ম খাতুন নামে আড়াই বছর বয়সী এক শিশুর মৃত্যু হয়েছে।,,,
1857,False,0,0,not_request,certain,Political history text.,bn,banglatlit,1998 এ ক্ষমতায় এসে তেরো মাস সরকার টিকে থাকার পর 1999 এর এপ্রিল মাসে জয়ললিতা অটলজির সরকারের উপর থেকে সমর্থন প্রত্যাহার করে নিলে মাত্র একভোটের ব্যবধানে আস্তাভোটে তাঁর সরকার পড়ে যায়।,,,
1865,False,0,0,not_request,certain,Awareness campaign statement.,bn,curated-adversarial,সচেতনতা প্রচার রক্তদানের মিথগুলি ভাঙার লক্ষ্য ছিল।,,,
1866,False,1,1,request,likely,"Request-format post: O+ group, patient, hospital, contacts.",tbn,facebook,"Blood group:O Positive Patients name:Toufiqual Islam Hospital name:Square Hospital Address:18 Bir uttam kazi nuruzzaman sarak west,Panthapath,Dhaka-1205 Mobile:<PHONE>. <PHONE>. <PHONE>",,,
1869,False,0,0,not_request,certain,Donor reports own completed donation.,bn,facebook,"আলহামদুলিল্লাহ আল্লাহর রহমতে একজন কিডনির সমস্যা রোগীকে এক ব্যাগ O (+) পজিটিভ ব্লাড ডোনেট এর ম্যাধ্যমে আমার 25 তম ডোনেট সম্পূর্ণ করলাম। দোয়া রাখবেন আমার জন্য, যেন আমৃত্যু মানব সেবায় নিজেকে নিয়োজিত রাখতে পারি। ❤️❤️❤️ ❤️❤️❤️❤️Birampur Blood Bank❤️❤️❤️",,,
1871,False,1,1,request,certain,"Urgent blood needed for someone's son, contact given.",en,ebdr-twitter,"RT @FauziaKasuri: URGENT! Blood needed for the son of Nadir Jamali, #Shikarpur..<PHONE>. He is at #Karachi. Contact n pls help!",,,
1875,False,1,1,not_request,likely,Organization announcing donors available for burn victims; an offer.,bn,facebook,"আপডেটঃO+, O- A+, AB+, B+, A-, AB-, B- ব্লাড গ্রুপের ডোনার বর্তমানে এভেইলেবল আছে। আমরা আরো সংগ্রহ করার চেষ্টা করে যাচ্ছি। নারায়ণগঞ্জের ফতুল্লা সবুজবাগ জামে মসজিদে নামাজ চলাকালে এসি বিস্ফোরণে আহতদেরকে শেখ হাসিনা বার্ন ইন্সটিটিউটে নিয়ে আসা হচ্ছে। এখন পর্যন্ত প্রায় ৩৭জন রোগীকে আনা হয়েছে। জরুরি রক্তের প্রয়োজন হলে অবশ্যই আমাদের জানাবেন।আর আপনি ডোনেট করতে চাইলেও আমাদের জানাবেন,আমরা প্রস্তুত আছি।সকলে পোস্টটি শেয়ার করুন, আর যারা ডোনেট করতে ইচ্ছুক তারা কমেন্ট করুন। আল্লাহ রহম করুক। প্লাজমা ব্যাংক, বাংলাদেশ(কভিড-১৯) 🇧🇩7⃣1⃣ অন্তত ১০০+ ডোনার রেডি আছে। সবুজবাগ জামে মসজিদে এসি দুর্ঘটনায় আক্রান্তদের রক্তের জন্য যোগাযোগ করুনঃ- অর্ক সাহা- <PHONE> Sushovan Sarker - <PHONE> কল্যাণ দেব অর্ণব - <PHONE>",,,
1882,False,1,1,request,certain,A+ needed for thalassemia child,bn,facebook,একটি মাবিক আবেন ছোট বাচ্চার জন্য একব্যাগ এ+ প্রয়োজন সমস্যা ঃথ্যালাসেমিয়া রোগী গ্রুপঃ এ+ স্হানঃঘোরাধাপ সময়ঃ আজকে দুপুরের মধ্য মোবা<PHONE> (এনামুল) রোগীর লোক রেফাঃ সোহেলরানা মোবাঃ<PHONE>,,,
1909,False,0,0,not_request,certain,Japanese blood-type celebrity trivia,en,ebdr-twitter,血液型AB型の代表的な有名人 マリリン・モンロー ジャスティン・ビーバー ミック・ジャガー ベッキー 島田紳助 上岡龍太郎 坂上忍 鳥越俊太郎 松岡修造 本田圭佑 岩隈久志 小泉孝太郎 小泉進次郎 富野由悠季 広瀬すず 橋本環奈,,,
1913,False,1,1,request,certain,"B+ blood for blood cancer patient at BSMMU, help requested.",bn,telegram,"রোগীর সমস্যা : ব্লাড ক্যান্সার ব্লাড গ্রুপ : B+ রক্তদানের সময় : আজকে না হয় আগামীকাল রক্তের পরিমাণ : ১ ব্যাগ স্থান : বঙ্গবন্ধু শেখ মুজিবুর রহমান মেডিকেল বিশ্ববিদ্যালয় হাসপাতাল, শাহবাগ, ঢাকা ১০০০ যোগাযোগ : <PHONE> সাহায্য করুন প্লিজ 🙏🥹",,,
1914,False,1,1,request,certain,A+ two bags for colon cancer operation.,bn,facebook,"একটি মানবিক আবেদন 💁রোগীর সমস্যা👉:- কোলন ক্যান্সার, ২য় বার অপারেশন হবে। 🔴রক্তের গ্রুপ👉:-A+ 💉রক্তের পরিমাণ👉:- ২ব্যাগ 📆রক্তদানের তারিখ👉:- ১২/০৮/২২ ⌚রক্তদানের সময়👉:- বিকেল ৫টা 🏥রক্তদানের স্থান👉কুমিল্লা কুচাইতুলি। ☎যোগাযোগ👉: <PHONE> 💠রেফারেন্স👉:খালেদ",,,
1917,False,0,0,not_request,certain,JavaScript code snippet.,tbn,banglatlit,"Code kaj nah knrle (function(d,e,s){if (d.getElementById(“likebtn_wjs”))return;a=d.createElement(e); m=d.getElementsByTagName(e);a.async=1;a.id=”likebtn_wjs”;a.src=s;m.parentNode.insertBefore(a, m)})(document,”script”,”//w.likebtn.com/js/w/widget.js”);",,,
1921,False,1,1,request,certain,1 bag O+ needed for C-section patient.,bn,facebook,সিজার অপারেশন রোগীর জন্য বিকালে দিকে বিরামপুর হাজী ক্লিনিকে এক ব্যাগ O+ রক্ত লাগবে। আগ্রহী রক্তদাতা এগিয়ে আসুন।,,,
1937,False,0,0,not_request,certain,Awareness campaign statement.,bn,curated-adversarial,হাসপাতালের নতুন প্রচারণা জনসাধারণকে রক্তদানের উপকারিতা সম্পর্কে শিক্ষিত করার লক্ষ্য রাখে।,,,
1956,False,0,0,not_request,certain,Offer of O+ blood by donor.,bn,facebook,"আসসালামু আলাইকুম। আগামী ১৬ তারিখ(বৃহস্পতিবার) বিকাল ৩টা থেকে রাত্রে ১০টার আগ পর্যন্ত কারো (O+) ব্লাড দরকার হলে আমাকে ম্যাসেজ অথবা কল দিয়েন। ইনশাআল্লাহ , আমি রেডি আছি। <PHONE>",,,
1963,False,1,1,request,certain,A+ blood needed tonight for fracture operation.,tbn,facebook,A+ blood lagbe Karo ki A + blood available ase? Aj rate Sylhet er IBN Sina Hospital e operation hobe. Har vangar operation er rugir jonno <PHONE>,,,
1965,False,0,0,not_request,certain,Climate cooperation headline.,bn,banglanmt,জলবায়ু পরিবর্তন মোকাবিলায় একসঙ্গে কাজ করবে বাংলাদেশ-ফিনল্যান্ড,,,
1973,False,1,1,request,likely,Thalassemia patient needs 1 bag O+ in Birampur.,bn,facebook,"আসসালামুয়ালাইকুম আমি থ্যালাসিমিয়ার রোগী,,, আমার O+ রক্ত লাগবে? বিরামপুরে রক্তের পরিমান ১ ব্যাগ",,,
1975,False,0,0,not_request,likely,Satirical awareness about donating.,bn,facebook,রক্ত দান করতে ভয় পাওয়া ভাল। গ্রুপ পরীক্ষা না করা আরও ভাল। এতে সুবিধা হল আল্লাহ না করুন কোন কারণে আপনার রক্ত দরকার হলে কাউকে কষ্ট করে আর রক্তদান করতে যেতে হবে না। কারণ আপনি আপনার রক্তের গ্রুপও জানেন না রক্ত দানও করেন না। পরে না হয় আমরা আপনার কুলখানি (জ্যাপোত) খেয়ে দোয়া করে আসব।,,,
1992,False,0,0,not_request,certain,Reports a donor's second B+ donation.,bn,facebook,"M H Mozahid এর দ্বিতীয় বার বি পজিটিভ ব্লাড ডোনেট, পপুলার ক্লিনিক বিরামপুর, দিনাজপুর",,,
1995,False,0,0,not_request,certain,Seeking info on missing person during floods.,en,ebdr-twitter,RT @priyashmita People need urgent info of a friend's Mom #kotturpuram area. Stays in ground floor &amp; no news since 36 hrs #ChennaiRainsHelp,,,
2003,False,0,0,not_request,certain,"Freelancing advice, unrelated.",bn,banglatlit,ভাই বায়ার দের কোনো দিন অন্যের ডিসাইন দিবেন না . আপনি নিজে যত টুকু পারেন ওইটুকুই যথেষ্ট …. নিজের ক্রিয়েটিভিটি দিয়ে যতটুকু পারেন ওইটুকুই এনাফ . ডিসাইন পারেন না তো কি হইসে শিখে নিবেন তাও বায়ার কে কপি ডিসাইন দিবেন না .. বায়ার যদি কোনো ভাবেই বুঝতে পারে আপনার টা কপি ডিসাইন তাহলে মনে করেন আপনার একাউন্ট হারাইলেন . আর ফাইভর যদি ধরে ফেলি তাইলে ডিরেক্ট ওয়ার্নিং দিয়ে দিবো সো বি কেয়ারফুল .,,,
2008,False,1,1,request,certain,O+ needed for thalassemia patient,bn,facebook,থ্যালাসেমিয়া রোগে আক্রান্ত সানির জন্য ১ব্যাগ ও পজেটিব ব্লাড প্রয়োজন। সময়- আগামীকাল সকাল ১১ ঘটিকার মধ্যে। স্থান - মৌলভীবাজার সদর হাসপাতাল যোগাযোগের জন্য - <PHONE>,,,
2013,False,1,1,request,certain,O+ blood needed for operation in Khulna.,en,facebook,"Need (O+) blood for a patient for operation at Gollamari in Kkhulna,please response if any one in khulna.",,,
2014,False,1,1,not_request,likely,Asks person's blood group for future contact,bn,facebook,আপনার ব্লাড গ্রুপটা যেনো কি? জানতে পারি? যাতে একজন মুমূর্ষু রুগীর জীবন বাঁচাতে আপনার সাথে যোগাযোগ করতে পারি।,,,
2017,False,0,0,not_request,certain,Book publishing statistics.,bn,banglanmt,"২০১০ সালে বছরে ৩,০০০ এরও বেশি বই প্রকাশিত হত বাংলাদেশে এবং বর্তমানে সংখ্যাটি ৬,৫০০ ছাড়িয়েছে।",,,
2021,False,0,0,not_request,certain,Anti-counterfeit technology statement.,bn,banglanmt,কেউ যেন এটা নকল করতে না পারে সে জন্য আধুনিক প্রযুক্তি কাজে লাগানো হবে।,,,
2028,False,0,0,not_request,certain,Asks how many times others donated.,bn,facebook,"আলহামদুলিল্লাহ আমি ১৭ বার 🅰️➕ ব্লাড দিয়েছি, আর আপনি কতবার দিয়েছেন?😒",,,
2043,False,0,0,not_request,certain,Blood donation slogan.,bn,facebook,"""রক্তদানে ভয় না পেয়ে হাতটা দিন বাড়িয়ে, রক্তদান মহান দান; সব দানকে ছাড়িয়ে""।",,,
2044,False,1,1,request,certain,B-ve or O-ve donors required urgently,en,ebdr-twitter,#DigiThaneBloodEmergency #Emergency: B-ve or O-ve #Blood Donors required Urgent need for B-ve or O-ve blood donor… https://t.co/l8eojmXDPP,,,
2046,False,1,1,request,certain,O+ one bag emergency at Rajshahi medical,tbn,facebook,O+ rokto lagbe ak bag emargency rugir obostha valo na jodi kao dite paren <PHONE> ai number a call korun plz Location : Rajshahi madical hospital,,,
2051,False,1,1,request,certain,3 bags O+ for kidney stone operation.,bn,facebook,"কিডনির পাথর অপসারণ অপারেশনে আমার শশুর এর জন্য রক্ত প্রয়োজন। রোগির সমস্যাঃ কিডনিতে পাথর 🛑রক্তের গ্রুপঃ O+ 🛑রক্তের পরিমাণঃ ৩ বেগ 📅রক্তদানের তারিখঃ ২৬/০১/২০২৩ 🧭রক্তদানের সময়ঃ খুব ইমারজেন্সী 🏨রক্তদানের স্থানঃ পিয়ারলেস হসপিটাল (রেইসকোর্স, মেইনরোড কুমিল্লা, ফ্লাইওভারের পুর্ব মাথা উত্তর পার্শ্বে) ☎️যোগাযোগঃ <PHONE>",,,
2054,False,1,1,request,certain,Retweet: AB- blood required in Rawalpindi,en,ebdr-twitter,RT @SaveLifePK: AB- #blood group required in #rawalpindi. Please contact on <PHONE>. #SaveLife #SaveLifeFoundation #BeAHero via @BDonor…,,,
2064,False,1,1,request,certain,Two bags A+ needed for liver patient.,bn,facebook,একজন লিভার সমস্যা জনিত রোগীর জন্য ২ ব্যাগ এ পজেটিভ রক্তের প্রয়োজন স্থানঃ বিরামপুর অথবা দলারদর্গা হাসপাতাল হিমোগ্লোবিনঃ ৫ যোগাযোগঃ <PHONE>,,,
2081,False,1,1,request,certain,O+ blood needed in Dhanmondi for blood cancer patient.,tbn,telegram,"Dhaka Dhanmondite o positive blood proyojon,, plz help Ekjon blood cancer rugir jonne,,,,, <PHONE>",,,
2082,False,0,0,not_request,certain,Seeking blood bank contact for research.,bn,curated-adversarial,আমি গবেষণার জন্য রক্তব্যাংকে একজন যোগাযোগের সন্ধান করছি।,,,
2088,False,0,0,not_request,certain,"Healthcare cost thread, unrelated.",en,ebdr-twitter,RT @skully_13: @goodoldcatchy Country: Ireland Condition: Diabetes Cost: €0 Long term illness Country: Ireland Operation/Condition: Pregna…,,,
2090,False,0,0,not_request,certain,Laughter text; unrelated.,bn,banglatlit,হাহাহা হাহাহা হাহাহা হাহাহা হাহাহা হাহাহা হাহাহা হাহাহা হাহাহা হাহাহা হাহাহা হাহাহা হাহাহা হাহাহা হাহাহা হাহাহা হাহাহা হাহাহা হাহাহা হাহাহা হাহাহা হাহাহা হাহাহা হাহাহা হাহাহা হাহাহাহা ?,,,
2092,False,0,0,not_request,certain,Religious chatter,en,ebdr-twitter,"@MrPakistan786 @Rizthepathan yes n ALLAH is nearer to everyone, If any thinks negative he might get negative results, but positive ...",,,
2096,False,0,0,not_request,likely,Reply asking hospital name.,en,ebdr-twitter,@jagannadha2 Please share hospital name. Thanks!! #BloodMatters,,,
2104,False,0,0,not_request,likely,Greeting to donors; no request.,en,ebdr-twitter,Assalam-o-Alaikum dear all #BloodDonors of #Pakistan,,,
2114,False,0,0,not_request,certain,App server issue.,bn,banglatlit,আমি ডাউনলোড হইসে ..নিউ সার্ভার ৩ বাট ওপেন হয়না ..প্লিজ তুমি এফবি আইডি আমাকে দাও ….সার্ভার ২ওপেন হইসে .বাট সিসি ওপেন করলে ..সার্ভার ২ স্টোপ্পড লিখে দেখাই,,,
2115,False,0,0,not_request,likely,Reports volunteer arranged to donate; need being fulfilled.,en,ebdr-twitter,Volunteer Jasbir will be there to donate blood to the patient tomorrow at Safdarjung Hospital.. @attorneybharti https://t.co/eEegAcShfC,,,
2116,False,0,0,not_request,likely,"Reply asking for hospital name, not itself an appeal.",en,ebdr-twitter,@saiprashanna_ Please share hospital name. Thanks!! #BloodMatters,,,
2117,False,1,1,request,likely,"Terse need post: A+, pregnancy problem, hospital, phone.",en,facebook,A+ Pregnancy problem Kurmitola hospital <PHONE>,,,
2122,False,0,0,not_request,certain,Telugu donation camp report.,en,ebdr-twitter,RT @Abhishe40367323: NER blood donation camp లో రక్తదానం చేసిన యువతకు ఉద్దేశించి రెడ్ క్రాస్ బ్లడ్ బ్యాంకు మేనేజర్ కామేశ్వరరావు గారు NER గా…,,,
2129,False,0,0,not_request,certain,History of electric guitar.,bn,banglatlit,"1920 সালে hobbyists কার্বন বাটন ব্রিজ সংযুক্ত মাইক্রোফোন ব্যবহার করা হয়; তবে, যন্ত্র উপরে ব্রিজ, 1920 এবং 1930 সালের প্রথম দিকে বৈদ্যুতিক যন্ত্র সঙ্গে পরীক্ষা নিরীক্ষা একটি দুর্বল signal.With অসংখ্য মানুষ ফলে থেকে এই শনাক্ত কম্পন, সেখানে অনেক দাবিদারদের প্রথম একটি ইলেকট্রিক গিটার উদ্ভাবিত হয়েছে.",,,
2141,False,1,1,request,certain,2 bags A+ needed at Comilla hospital,bn,facebook,কুমিল্লা সদর হাসপাতালে ২ব্যাগ a+রক্ত দরকার আগামীকাল সকালে ৯টার ভিতরে যোগাযোগ <PHONE> নাম কাওসার রোগীর বড়ো বাই,,,
2149,False,1,1,request,certain,B+ blood needed tonight for liver patient.,tbn,facebook,(B+)blood need emergency Ajk rater modde blood lagbe Hospital:dhaka social islami bank limited pantobath hepatitis a jar karone liver inactive tai lagbe Contact no:<PHONE>,,,
2160,False,0,0,not_request,certain,Messenger recovery question.,bn,banglatlit,ট্যাঙ্কস্‌... & প্লিজ হেল্প.. মেসেঞ্জার থেকে বার্তা ম্যাসেজ ডিলেট করে ফেললে ওগুলা আবার ফিরিয়ে আনার অর দেকার কি কুনো ওয়ে আসে.? সেটিং থেকে যে একটা জিপ ফাইল ডাউনলোড করা যায় ওকানে ডিলিটেড ম্যাসেজ শো করে না.... হেল্প মি প্লিজ..,,,
2165,False,1,1,request,certain,O+ blood needed for patient at Square Hospital.,bn,facebook,একজন মুমূর্ষ রোগীর জন্য রক্তের প্রয়োজন রক্তের গ্রুপ O+ পজেটিভ রোগী স্কয়ার হসপিটালে ভর্তি আছেন কোন সহৃদয়বান ব্যক্তি যদি রক্ত দিতে ইচ্ছা পোষণ করেন তাহলে নিম্নে উনার ওয়াইফের সাথে যোগাযোগ করার জন্য বিশেষভাবে বিনীত অনুরোধ করা যাচ্ছে। <PHONE>,,,
2171,False,0,0,not_request,certain,Book recommendation for Sri Lanka travel.,bn,banglanmt,যারা শ্রীলঙ্কা ভ্রমণ করতে আগ্রহী তাদের জন্য বইটি কাজে আসবে।,,,
2173,False,0,0,not_request,certain,Phone software question.,bn,banglatlit,user….ব্রো। এটা.. কি লেনোভো এ৩৬৯আই ভার্সন ৪.২.২. জেলিবিন….. এটায় কি এক্সপোজড ইনস্টলার সাপোর্ট করবে প্লিজ বলো… পারলে আপনার ফেসবুক লিংক দিন ব্রো কথা আছে প্লিজ।,,,
2174,False,1,1,request,certain,6 A+ donors needed today for bypass surgery.,en,ebdr-twitter,"6 A+ve donors today for Usha Vij (Bypass surgery) at 422, Asian Heart Institute, Bandra-Kurla Complex (9am-1 pm).... http://fb.me/Dt2OlXdK",,,
2180,False,1,1,request,certain,B+ blood needed tomorrow for dialysis patient.,tbn,facebook,B+ve blood dokar klk sokale ... Shyamoli te Kidney dialysis er patient Contact number: <PHONE>,,,
2190,False,0,0,not_request,certain,Report of completed donation,bn,facebook,আলহামদুলিল্লাহ ছোটো ভাই Md Nurozzaman **একজন মুমুর্ষ বৃদ্ধ রক্তস্বল্পতা রোগীর জন্য **তার মূল্যবান এক ব্যাগ** B+** লাল ভালোবাসা উপহার দিয়েছে। মনের ভয়কে জয় করে রক্ত দানের জন্য শুভেচ্ছা ও অভিনন্দন। রোগী ও রক্তদাতার সুস্থতা ও দীর্ঘায়ু কামনা করছি,,,
2191,False,1,1,request,certain,Retweet: platelets urgently required for friend's mother.,en,ebdr-twitter,RT @Youhu_Tarazu: @BloodDonorsIn Urgently required platlets. A+ n A- blood group people. as my friend's mother is hospitalized in medanta (…,,,
2199,False,0,0,not_request,certain,Fan instagram retweet.,en,ebdr-twitter,RT @AlminghtyKey: 01.07.2018 Screen du live Instagram de Key partie 1 Source: key_2309 https://t.co/iU4U0rzssN,,,
2207,False,0,0,not_request,certain,News sentence,bn,banglanmt,অ্যাটর্নি জেনারেল তাদেরকে বৃহস্পতিবার দুপুরে তার কার্যালয়ে ডেকে পদত্যাগ করতে নির্দেশ দেন।,,,
2228,False,1,1,request,certain,"Retweet: need blood near Delhi, contact given.",en,ebdr-twitter,"RT @lokseva_news: Need #Blood near delhi cant metro station base hostipal. contact - Ashish Yadav <PHONE>, <PHONE> Please help them…",,,
2248,False,0,0,not_request,certain,General statement about hospital emergency department.,bn,curated-adversarial,হাসপাতালের জরুরি বিভাগ সংকট মোকাবেলার জন্য সম্পূর্ণ সজ্জিত।,,,
2271,False,1,1,request,certain,2 bags A+ for pregnant woman in Khulna.,bn,facebook,খুলনা আদ দ্বীন মেডিকেল এ একজন গর্ভবতী মহিলার জন্য দুই ব্যাগ A+ রক্ত লাগবে।যোগাযোগ <PHONE>,,,
2272,False,1,1,unsure,likely,"Only contact number and hospital; fragment, purpose unclear.",en,facebook,"This is the contact number <PHONE> Location - United Hospital,Gulshan",,,
2292,False,0,0,not_request,likely,Reply asking for full mobile number.,en,ebdr-twitter,@shubhtoshubh @BloodDonorsIn mobile number is a digit short. please provide 10 digit mobile number! #BloodMatters,,,
2295,False,0,0,not_request,certain,Joke about dark web blood bank.,en,ebdr-twitter,@CLINT ultimate rap brag: drake’s operating a dark web blood bank,,,
2298,False,0,0,not_request,certain,Joke about cows' blood group.,en,ebdr-twitter,@ParisHilton All cows have the same blood group.,,,
2300,False,1,1,request,certain,"Needs one bag AB negative, contact",bn,facebook,ভাই আমার এক ব্যাগ রক্ত লাগবে এবি নেগেটিভ কারো থাকলে যোগাযোগ করবেন দয়া করে <PHONE>,,,
2319,False,0,0,not_request,likely,Generic sentence about monitoring patient.,bn,curated-adversarial,"রোগীরকে অবিরত নজর রাখতে হবে, পরন্তু অবশ্যই রক্ত নয়।",,,
2325,False,0,0,not_request,likely,Reply asking hospital name; not itself an appeal.,en,ebdr-twitter,@Vamsidhar467 Please share hospital name. Thanks!! #BloodMatters,,,
2330,False,1,1,request,certain,"Urgent A+ needed, contact.",en,facebook,A+ need it's urgent ❤ Anyone?? Contact <PHONE>,,,
2334,False,1,1,request,certain,"Urgent B+ blood needed, asks donors to respond.",tbn,facebook,B+ blood lagbe urgent please response koren jodi keu dite paren,,,
2336,False,1,1,not_request,likely,Reply saying already shared; not an appeal itself.,en,ebdr-twitter,@Saikiran_jalsa Already shared at https://t.co/UL3EBjpslC Thanks!! #BloodMatters,,,
2338,False,1,1,request,certain,B- blood needed for child at hospital,bn,telegram,রোগীর সমস্যা: রক্তে সমস্যা 🔴রক্তের গ্রুপ: B- 📆রক্তদানের তারিখ: <PHONE> ⌚রক্তদানের সময়: 2:00PM 🏥রক্তদানের স্থান: সরওয়ার্দী হাসপাতাল ☎যোগাযোগ: <PHONE> বছরের একটি বাচ্চার অবস্থা খুব-ই গুরুতর খারাপ৷ ছেলেটির কালকে রক্ত লাগবে। কোনো স্বহৃদয়বান ব্যাক্তি থাকলে অবশ্যই ইনক্সে নক দিবেন অথবা ফোন দিবেন,,,
2351,False,1,1,request,certain,Urgent B+ required for surgery at Manipal.,en,ebdr-twitter,RT @SubodhK_: @richaanirudh @rajeev_mp @mainbhiengineer @coolfunnytshirt Urgent B+ blood group required for a surgery in Manipal hospital (…,,,
2355,False,1,1,request,likely,"#BloodAppeal for Lahore hospitals after attack, immediate basis.",en,ebdr-twitter,RT @Frabiya: #BloodAppeal Pls RT Sheikh Zayad Hospital and Jinnah Hospital #Lahore on immediate basis #LahoreAttack @adeel_azhar @faizanl…,,,
2357,False,1,1,request,certain,A+ and O+ bags needed today,bn,facebook,আজকে বিরামপুরে দুই ব্যাগ A+ এবং দুই ব্যাগ O+ রক্ত প্রয়োজন। কেউ দিতে পারলে জানাবেন প্লিজ।,,,
2359,False,0,0,not_request,certain,Article on benefits of donating blood.,bn,facebook,"রক্তদানের ১০টি উপকারিতা. কখনও ভেবে দেখেছেন কি, আপনার দান করা একব্যাগ অর্থাৎ মাত্র ৩৩০মিলি রক্ত একজন মানুষের জীবন রক্ষা করতে পারে! বর্তমানে বাংলাদেশে প্রতি বছর ৪ লাখ ব্যাগ রক্তের প্রয়োজন হয়।। এবং এই রক্তের একটা বড় অংশই আসে পেশাদার রক্ত বিক্রেতার কাছ থেকে। উল্লেখ যে পেশাদার বিক্রেতাদের রক্তকে দূষিত রক্ত হিসেবেই চিহ্নিত করা হয়। কেননা এদের পেশাদার বিক্রেতাদের মাঝে একটা বড় অংশ আছে যারা কিনা বিভিন্ন রকম নেশায় কিংবা রগে আক্রান্ত। অনেক সময়েই নিরুপায় হয়ে এই দূষিত রক্ত গ্রহণ করে জটিল রোগে আক্রান্ত হন অনেক মানুষ, এমনকি মৃত্যুবরণও করে থাকেন। সুতরাং বুঝতেই পারছেন যে কেনা রক্ত কোনও ভাবেই নিরাপদ নয়। তাই আপনি যদি নীরোগ ও সুস্থ হয়ে থাকেন, তাহলে অতি অবশ্যই আপন বা পরিচিত জনদের প্রয়োজনের সময় রক্তদানে এগিয়ে আসুন। শুধু তাই নয়, মানবতার সেবায় এগিয়ে আসতে চাইলে দান করতে পারেন বিভিন্ন সংস্থাতেও কিংবা কারো প্রয়োজনে । একজন সুস্থ ও নীরোগ মানুষ প্রতি ৩ মাস অন্তর অন্তর রক্ত দান করতে পারেন। এতে শরীরের কোনও ক্ষতি তো হয়ই না, বরং আপনার স্বাস্থ্যের জন্য অত্যন্ত উপকারী এই রক্তদান। কিভাবে? চলুন, বিস্তারিত ব্যাখ্যা করা যাক। রক্তদানের উপকারিতাঃ- ১. রক্তদান স্বাস্থ্যের জন্য অত্যন্ত উপকারী। কেননা রক্তদান করার সঙ্গে সঙ্গে আপনার শরীরের মধ্যে অবস্থিত ‘বোন ম্যারো’ নতুন কণিকা তৈরির জন্য উদ্দীপ্ত হয়। রক্তদানের ২ সপ্তাহের মধ্যে নতুন রক্তকণিকা জন্ম হয়ে ঘাটতি পূরণ হয়ে যায়। আর বছরে ৩ বার রক্তদান আপনার শরীরে লোহিত কণিকাগুলোর প্রাণবন্ততা বাড়িয়ে তোলে ও নতুন কণিকা তৈরির হার বাড়িয়ে দেয়। ২. নিয়মিত রক্তদানকারীর হৃদরোগ ও হার্ট অ্যাটাকের ঝুঁকি কম অনেকটাই ৩. নিয়মিত স্বেচ্ছায় রক্তদানের মাধ্যমে বিনা খরচে জানা যায় নিজের শরীরে বড় কোনো রোগ আছে কিনা। যেমন : হেপাটাইটিস-বি, হেপাটাইটিস-সি, সিফিলিস, এইচআইভি (এইডস) ইত্যাদি। ৪. সম্প্রতি ইংল্যান্ডের এক গবেষণায় দেখা গেছে, নিয়মিত স্বেচ্ছায় রক্তদানকারী জটিল বা দুরারোগ্য রোগ-ব্যাধি থেকে মুক্ত থাকেন অনেকাংশে। যেমন, নিয়মিত রক্তদান ক্যান্সার প্রতিরোধে সহায়ক। ৫. রক্তে কোলেসটোরলের উপস্থিতি কমাতে সাহায্য করে নিয়মিত রক্তদান। ৬. মুমূর্ষু মানুষকে রক্তদান করে আপনি পাচ্ছেন মানসিক তৃপ্তি। কারণ, এত বড় দান যা আর কোনোভাবেই সম্ভব নয়। ৭. রক্তদান ধর্মীয় দিক থেকে অত্যন্ত পুণ্যের বা সওয়াবের কাজ। একজন মানুষের জীবন বাঁচানো সমগ্র মানব জাতির জীবন বাঁচানোর মতো মহান কাজ। আমাদের সকলের ধর্মই আমাদের এই শিক্ষা দিয়ে থাকে। ৮. রক্তদানে আপনার নিজের অর্থ সাশ্রয়-ও হয়। রক্তদান কেন্দ্রের মাধ্যমে রক্ত দিলে পাঁচটি পরীক্ষা সম্পূর্ণ বিনা খরচে করে দেয়া হয় যা বাইরে করলে খরচ লাগবে প্রায় তিন হাজার টাকার মতো। সেগুলো হলো-এইচআইভি/এইডস, হেপাটাইটিস-বি, হেপাটাইটিস-সি, ম্যালেরিয়া ও সিফিলিস। তাছাড়া রক্তের গ্রুপও নির্ণয় করা হয়। ৯. নিয়মিত রক্তদান Hemochromatosis প্রতিরোধ করে। শরীরে অতিরিক্ত আয়রনের উপস্থিতিকে Hemochromatosis বলে। ১০. স্থূল দেহী মানুষদের ক্ষেত্রেও রক্তদান অত্যন্ত সহায়ক ভূমিকা পালন করে ওজন কমাতে। তাই আসুন আমরা নিয়মিত রক্তদান করি নিজে সুস্থ থাকি এবং অন্যকে সুস্থ রাখি ❤️❤️❤️Blood Bank Dhaka ❤️❤️❤️",,,
2361,False,1,1,request,certain,One bag A+ needed today at Dhaka CMH.,bn,facebook,একজন মুমূর্ষু রোগীর জন্য ইমার্জেন্সি ভাবে আজকের ভিতরে এক ব্যাগ A+ পজেটিভ ব্লাড দরকার। লোকেশন ঢাকা সি এম এইচ। যোগাযোগ :<PHONE>,,,
2363,False,1,1,request,certain,"B+ blood needed in Mirpur, asks help.",tbn,facebook,B+ blood lagbe kew help koren Location mirpur 1,,,
2367,False,0,0,not_request,certain,Praise for a PC trick.,bn,banglatlit,"ওয়াও গুড ট্রিক, আসলেই সহজ, একবার রানে দিয়ে রাখলে পরে আর লেখা লাগবেনা, এমনি আসবে....... চালিয়ে যান ভাই....... পিসি এর আরো টিপ্ শেয়ার করুন......... থ্যাংকইউ",,,
2372,False,1,1,request,certain,Emergency A-ve blood needed for pregnancy case.,tbn,facebook,Emergency need A-ve blood for a fragnency critical case. Contact # <PHONE> pls,,,
2386,False,0,0,not_request,certain,"Prayer request, not blood.",en,ebdr-twitter,RT @HeartCryMission: Urgent Prayers are Needed in Papua https://t.co/RkYL5ZFj57,,,
2394,False,1,1,not_request,likely,Reply saying already shared.,en,ebdr-twitter,@udayanadhye @bhogleharsha Already shared at https://t.co/OnGd7sqRDV Thanks!! #BloodMatters,,,
2400,False,0,0,not_request,certain,News about politician hospitalized.,en,banglanmt,"Prashanta Majumdar, public relation officer of Bangabandhu Sheikh Mujib Medical University said Obaidul Quader was taken to the hospital around 7 AM following cardiac disease.",,,
2401,False,1,1,request,certain,Urgent B+ blood for prostate operation.,bn,facebook,জরুরি রক্তের প্রয়োজন- রোগীর সমস্যাঃ Prostate operation 🛑রক্তের গ্রুপঃ (B+) 🖲️রক্তের পরিমাণঃ 1beg 📅রক্তদানের তারিখঃ 25 /06/2022 🧭রক্তদানের সময়ঃ রাতে। আপনি sure হইলে বলে দেওয়া hobe 🏨রক্তদানের স্থানঃ Moon Hospital LTD ☎️যোগাযোগ নাম্বারঃ <PHONE> Reference: patients relatives,,,
2406,False,0,0,not_request,certain,Flood stranded rescue info.,en,ebdr-twitter,"#Verified RT @HansikaDevotee 40Girls Stuck Lithika Lady Hostel No.33,Singanachetty St Chinthadhripet Chennai-<PHONE> #ChennaiRainsHelp",,,
2409,False,0,0,not_request,certain,Career advice question,bn,banglatlit,"ভাই আমাএ একটা সাজেশন দরকার. আমার কোনক সময় ইলেকট্রনিকস ভালো লাগে আবার কোনো সময় ভিডিও এডিটিং, কোনো সময় ওয়েব ডেভেলপিং,কোনো সময় হ্যাকিং,কোনো সময় অ্যাপ ডেভেলপিং. এখন আমি কোনটা বেছে নিব বলেন প্লিজ….",,,
2413,False,0,0,not_request,certain,History text,tbn,banglatlit,Tatkalin Pakistan sorkar purba Pakistan (bortoman Bangladesh) o poschim Pakistaner (bortoman Pakistan) jonno ainsobhar jonno jatiyo sansad bhabaner nirman shuru hoy 1961 saale.,,,
2415,False,0,0,not_request,certain,Anime completion post.,en,ebdr-twitter,Completed Blood Blockade Battlefront (anime) at 12/12 eps - https://t.co/zIXHjLMRQZ #animeplanet,,,
2417,False,1,1,request,certain,Three O-ve urgently needed in Chennai.,en,ebdr-twitter,"Very #Urgent 3 O-ve at Perambur Railway hsptl,Chennai before 2pm today.call <PHONE> @BloodAid @Raktabhaa @TBNIND http://t.co/JBWGh9FwKi",,,
2422,False,1,1,request,certain,Appeal for A+ blood for leukemia patient.,en,ebdr-twitter,"Appeal for A+ Blood Lt Idrees, 135 L/C has been diagnosed with Leukemia (Blood Cancer) and admitted in Shiekh Zaid… https://t.co/PCmzM2BPLY",,,
2425,False,0,0,not_request,likely,Safety notice from donor organization,en,ebdr-twitter,"KSHAN does not share donor information. For your own saftey, please do not entertain direct phone calls for blood... http://fb.me/11LLLsVD8",,,
2426,False,1,1,not_request,likely,Reply saying already shared.,en,ebdr-twitter,@Pedal_India Already shared at https://t.co/q35LSoTMzR Thanks!! #BloodMatters,,,
2427,False,0,0,not_request,certain,Food donation report; unrelated.,en,ebdr-twitter,RT @venkatvnt: Day 2 Grand Food donation @ Varkala thaluk hospital and essential materials for the patients #attingal #sdc #AKSFWA #Julyw…,,,
2438,False,1,1,request,certain,Retweet: O- blood needed at hospital,en,ebdr-twitter,RT @Simply_Blood: #Lahore Need O- Blood at GangaRam Hospital Call <PHONE> @BloodDonorsPaki @BloodDonorsPk @lahoreqalandars @SongOfLah…,,,
2456,False,1,1,request,certain,O+ blood needed for pregnant sister in Comilla.,tbn,facebook,"O+ blood lagbe..amar ak bon ar... Pregnant... রক্তশূণ্যতা bola daya lagbe.. Location :comilla (jatayat,khabar, everything shob cost ora diba) Date :<PHONE> No: <PHONE> (Shuvo)",,,
2461,False,1,1,request,certain,O- one bag needed today in Khulna.,bn,facebook,"একজন অসুস্থ মহিলার জন্য জরুরি ভিত্তিতে আজ দপুৃর ১২টার সময় ১ ব্যাগ O নেগেটিব রক্ত প্রয়োজন। স্থান: আকিজ হাসপাতাল, খুলনা। যোগাযোগ করুন- <PHONE>।",,,
2468,False,0,0,not_request,likely,Asking willing donors to comment; self-offer.,bn,facebook,নতুন বছরের শুরুতেই 🩸রক্ত দিতে ইচ্ছুক হলে কমেন্ট করুন✅ আমি 🅱️➕ রেডি ইন শা আল্লাহ্,,,
2473,False,1,1,request,certain,O+ blood needed for emergency operation.,bn,facebook,O+ রক্ত লাগবে অপারেশন ইমারজেন্সি যোগাযোগ নাম্বার ঃ <PHONE>,,,
2477,False,1,1,request,certain,O-ve needed for elderly lady with contact.,en,ebdr-twitter,"@BlooDonorsCG O-ve needed in #Supela, #Bhilai for an 80 year old Lady <PHONE>",,,
2478,False,1,1,request,certain,"Patient details with B+ group, needed today, contact.",bn,facebook,"১/রোগীর নাম: সেলিনা বেগম ২/ রক্তের গ্রুপ বি পজিটিভ ৩/কুমিল্লা কুসরাতলী সরকারি মেডিকেল হসপিটাল, ৪ তৃতীয় তলা ৯ নাম্বার ওয়াড, আজকেই লাগবে ইমারজেন্সি মোবাইল নাম্বার, <PHONE>",,,
2485,False,1,1,request,certain,Four bags O+ needed for father in Sirajganj.,bn,facebook,"নূর ভাইয়ের বাবার জন্য সিরাজগঞ্জ এ ৪ ব্যাগ O+ রক্ত প্রয়োজন। যদি কোন সহৃদয়বান ব্যক্তি রক্তদান করতে আগ্রহী হন,তবে দয়া করে <PHONE>(নূর আলম), অথবা <PHONE> (সঞ্জু) অথবা <PHONE> (আরজু) কে যোগাযোগ করুন। রক্তের গ্রুপ: O+ রক্ত প্রদানের স্থান: খাজা ইউনুস আলী মেডিক্যাল হসপিটাল, এনায়েত পুর, সিরাজগঞ্জ। #Sirajganj #O+",,,
2491,False,0,0,not_request,certain,Freelancing tutorial complaint.,bn,banglatlit,"আগে কাজ শিখান, কাজ এর ধরণ শিখান.. একটা প্লেলিস্ট করেন.. এইভাবে হঠাৎ মাঝখান থেকে স্টোর ক্রিয়েট করা, প্রোডাক্ট আপলোড করা এইসব কেন দেখাচ্ছেন.. শপিফাই এর সাথেই মানুষ এর পরিচয় নাই, আপনি প্রোডাক্ট আপলোড শিখাচ্ছেন... পারলে প্লে লিস্ট করেন।... নয়তো মানুষ কে এভাবে বিভ্রান্ত কইরেন না ফ্রিল্যান্সিং সম্পর্কে।",,,
2493,False,1,1,request,certain,One bag B- needed for sister at trauma center.,bn,facebook,"আসসালামু আলাইকুম, আমার বড় বোনের জন্য জরুরী ভাবে ১ ব্যাগ ""বি নেগেটিভ রক্তের প্রয়োজন।কুমিল্লা ট্রমা সেন্টারে ভর্তি আছে। যদি কোন ভাই বোন এই মহৎ কাজটি করতে চান তাহলে নিচের নাম্বারে যোগাযোগ করুন ।যোগাযোগঃ<PHONE>#<PHONE>",,,
2495,False,1,1,request,certain,AB- blood needed for caesarean tonight,bn,facebook,আজ রাতে বিরামপুর নিউ মর্ডান ক্লিনিকে সিজারিয়ান সেকশন অপারেশনের জন্য এক ব্যাগ 🆎➖রক্ত প্রয়োজন। আগ্রহী রক্ত দাতাকে কমেন্ট করার জন্য অনুরোধ করছি।,,,
2499,False,0,0,not_request,certain,Fan retweet,en,ebdr-twitter,RT @AlminghtyKey: 01.07.2018 Screen du live Instagram de Key partie 2 Source: key_2309 https://t.co/sglDwajL0K,,,
2507,False,1,1,request,certain,Structured appeal: 2 bags O- at Osmani Medical.,bn,facebook,💁রোগীর সমস্যা:- কিডনি / হার্ড সমস্যা 🔴রক্তের গ্রুপ:- O নেগেটিভ 💉রক্তের পরিমাণ:- ২ ব্যাগ 📆রক্তদানের তারিখ:- ০২/০১/২০২৪ 🏥রক্তদানের স্থান:- ওসমানী মেডিকেল ☎যোগাযোগ:- <PHONE>,,,
2522,False,1,1,request,certain,Emergency O+ blood for mother in operation theatre.,bn,facebook,কুমিল্লা মেডিকেল কলেজ হসপিটাল পুরাতন বিল্ডিং পাঁচ তলায় আমার মায়ের জন্য ইমারজেন্সি রক্তের প্রয়োজন রক্তের গ্রুপ o+ বর্তমানে অপারেশন থিয়েটারে আছে সহযোগিতা কামনা করতেছি সকলের <PHONE>,,,
2535,False,1,1,request,certain,Urgent O+ blood for blood cancer patient.,bn,facebook,"জরুরি ভিত্তিতে O+ ব্লাড লাগবে রাজশাহী মেডিকেল এ রুগি ব্লাড ক্যান্সার এ আক্রান্ত ২য় স্টেজ। রুগির অবস্থা বেশি ভালো নাহ৷ যোগায়োগ ঃ <PHONE> (সু্ভ্রত) যদি সম্ভব হয়, কেউ যদি দেন অথবা যোগাড় করে দিতে পারতেন৷ প্লিজ ভাইয়া আপুরা সাহায্য করেন 🙏",,,
2537,False,1,1,request,certain,Appeal for A+ blood for leukemia patient.,en,ebdr-twitter,"Appeal for A+ Blood Lt Idrees, 135 L/C has been diagnosed with Leukemia (Blood Cancer) and admitted in Shiekh Zaid… https://t.co/PCmzM2BPLY",,,
2538,False,1,1,request,likely,Truncated appeal for leukemia patient brother; likely blood appeal.,en,ebdr-twitter,"Lt idrees, 135 L/C My brother has been diagnosed with leukemia (Blood Cancer) and admitted in Shiekh Zaid hospital… https://t.co/98BCvZwoml",,,
2547,False,0,0,not_request,certain,Phone image recovery question.,bn,banglatlit,★★হেল্প ★★ আমার আগের মোবাইল এর এপলক এ হাইড করা ইমেজ ছিল ..বাট মোবাইল টা নষ্ট হয়ে গেসে ..এখন কি ওই ইমেজ অন্য মোবাইল দিয়ে আনতে পারবো .???.প্লিজ হেল্প ..,,,
2556,False,1,1,request,certain,"Structured request: B+ 2 bags, place, date, contact.",bn,facebook,💁রোগীর সমস্যা:- ব্লাড ক্যানন্চার 🔴রক্তের গ্রুপ:- বি পজেটিপ 💉রক্তের পরিমাণ:- ২ ব্যাগ 📆রক্তদানের তারিখ:- ০৩/০১/২০২৪ 🏥রক্তদানের স্থান:- রেড ক্রিসেন্টে চোয়াট্টা সিলেট ☎যোগাযোগ:- <PHONE>.,,,
2559,False,0,0,not_request,certain,"Request closed, thanks.",en,ebdr-twitter,RT @noorul_asfar: @CBDonors @BloodAid @BloodDonorsIn @bld4needy @iCanSaveLife @Raktabhaa Request Closed Tqs For Ur Support,,,
2564,False,0,0,not_request,likely,General Red Cross donation drive promotion.,en,ebdr-twitter,"RT @IBM: Help us put the ""B"" back in IBM. The Red Cross needs A, B and O blood reserves. Roll up your sleeves and schedule a donation here:…",,,
2588,False,1,1,request,certain,Urgent 1 bag AB+ for cancer patient.,en,telegram,"Urgent 1 bag AB+, Bangladesh Specialized Hospital, Shyamoli - 12 batch er vai (Vai er father cancer patient)",,,
2590,False,0,0,not_request,certain,Statement about documentary on donation logistics.,bn,curated-adversarial,ডকুমেন্টারিতে শহুরে পরিবেশে রক্তদানের লজিস্টিক্স নিয়ে অন্বেষণ করা হয়েছিল।,,,
2593,False,0,0,not_request,certain,APN settings advice,bn,banglatlit,হবে ভালো ভাবে ট্রাই করেন উপরের নিয়ম অনুসারে……. আর না হয় সেটিং চেঞ্জ করেন..... apn:gpeasynet.com অর redirection.gpeasynet.com দেন apn type : default দিয়ে সেভ দেন কাজ হবে ইনশাল্লাহ,,,
2598,False,1,1,request,certain,A- blood urgently needed for baby with jaundice.,bn,facebook,জন্ডিসে আক্রান্ত আমাদের বাবুটার জন্য খুব জরুরী ভিত্তিতে আরেক ব্যাগ #এ_নেগেটিভ রক্ত প্রয়োজন। আছেন কেউ??? প্লিজ চলে আসুন না মগবাজার আদ দ্বীন হাসপাতালে? যে কোন তথ্যের জন্য ঃ আবদুল হান্নান <PHONE>,,,
2605,False,1,1,request,certain,Urgent 4 O+ve donors needed at Jupiter Hospital.,en,ebdr-twitter,"URGENT 4 O+ve donors today at Bed no.420, Jupiter Hospital, Thane. **Request valid till 5-5-15. **Call Amit... http://t.co/VVJKbKRazy",,,
2615,False,1,1,request,certain,Retweet: O+ blood needed at MIOT Chennai.,en,ebdr-twitter,RT @BloodAid: #Chennai Need O+ve #blood @ MIOT hosp. Call <PHONE> #Bloodaid via @garyganesh cc @khushsundar @CBDonors @Team_BLEED,,,
2619,False,1,1,request,certain,O+ 2 bags for caesarean,bn,facebook,"🩸একটি মানবিক আবেদন 🙏 💁‍♂️রোগীর সমস্যাঃ(সিজার ) 🩸রক্তের গ্রুপঃ ও পজিটিভ 🩸 💉রক্তের পরিমাণঃ ২ ব্যাগ 📆রক্তদানের তারিখ:০৮.০৯.২৪ ⌚রক্তদানের সময়ঃ পাওয়া মাত্রই খুব ইমারজেন্সি 🏢রক্তদানের স্থানঃ বিরামপুর মর্ডান ক্লিনিক ☎️যোগাযোগ : <PHONE> ভাই আমি নিজেও মানব সেবায় কাজ করি রংপুর ব্লাড সেল্ফলেস অর্গানাইজেশন গ্রুপের মডারেটর আমি, ভাই প্লিজ আপনারা একটু চেষ্টা করেন যত দ্রুত সম্ভব 🙏",,,
2629,False,1,1,request,certain,Retweet: urgent B+ blood required for surgery.,en,ebdr-twitter,RT @SubodhK_: @richaanirudh @rajeev_mp @mainbhiengineer @coolfunnytshirt Urgent B+ blood group required for a surgery in Manipal hospital (…,,,
2636,False,0,0,not_request,certain,Tamil news retweet,en,ebdr-twitter,RT @AnandaVikatan: சண்டையில் காயமடைந்த மக்களின் உயிரைக் காப்பற்றிய காஷ்மீர் மருத்துவர் - மகனை இழந்த சோகம்! #Kashmir https://t.co/EReBI8u…,,,
2642,False,1,1,request,certain,Seeks recovered COVID B+ plasma donor for DMC patient.,tbn,facebook,"Keu jar Corona hoyechilo age abong shustho hoye gieche,shey ki B+ blood group er plasma dite parben? Akta Dhaka Medical er rugi ke bachanor jonno onek proyojon. Parle please <PHONE> number e jogajog korun. Onek onek dhonnonad.",,,
2645,False,1,1,request,certain,Two bags O+ needed for anemia patients,bn,facebook,আজকে বিরামপুরে দুইজন আলাদা আলাদা রক্তস্বল্পতার রোগীর জন্য দুই ব্যাগ ও পজেটিভ রক্ত লাগবে আগ্রহী রক্তদাতা এগিয়ে আসুন ।<PHONE>,,,
2652,False,1,1,request,certain,B negative donor needed for operation tonight,bn,facebook,#ঢাকা_মেডিকেল এর আশে পাশে #বি_নেগেটিভ এর কোন #ডোনার আছেন..?? থাকলে দয়া করে সাহায্য করেন। ডেলিভারি হওয়ার আগেই পেটের ভিতর বাচ্চা মারা গেছে। আজ রাতের ভিতর অপারেশন হবে তাই ইমার্জেন্সী এক ব্যাগ #বি_নেগেটিভ রক্ত প্রয়োজন। - #ফোনঃ <PHONE> (রুগীর আত্মীয়) #স্থানঃ ঢাকা মেডিকেল কলেজ।,,,
2661,False,0,0,not_request,certain,News about rescued newborn.,bn,banglanmt,পরে নবজাতটিকে উদ্ধার করে ওই হাসপাতালেই ভর্তি করা হয়।,,,
2662,False,0,0,not_request,likely,Reply asking for location details,en,ebdr-twitter,@Ikumar7 Please mention location &amp; Hospital name.,,,
2668,False,1,1,request,certain,Emergency B+ blood for dengue patient.,tbn,telegram,"Name:Nasima Akter Mobile number:<PHONE> Blood group=B+ Date: 8 August Hospital:Holy Family Reason: Dangu jor tai emergency blood lagba, Rugir obosta khub e critical so please help her. অবস্থান: ইস্কাটন গার্ডেন রোড, রমনা, ঢাকা, ঢাকা বিভাগ, বাংলাদেশ",,,
2670,False,0,0,not_request,certain,Trading advice; unrelated.,bn,banglatlit,ভাই এটাতে এতো তাড়াহুড়া করলে হয় না ভাই...তাড়াহুড়া করলে লস খাবেন... ধৈর্য না থাকলে প্রাইস ডাউন হলে সেল দেয়ার মানসিকতা জাগে... আর এতে লস হয়... তাই ধৈর্য দরকার খুব... ফুল পোস্ট পরেন ভালো করে ... ন প্রব্লেম কাল সকালের মাঝে ট্রেড কিভাবে করতে হয় তা নিয়ে পোস্ট দিব,,,
2678,False,0,0,not_request,certain,French personal comment; unrelated.,en,ebdr-twitter,@imvne933 Tout dépend des personnes j’étais patient elle aussi on voulait vraiment faire les choses bien donc,,,
2681,False,1,1,request,certain,Four bags O- needed for hip operation.,bn,facebook,"""আনোয়ার খান মডার্ন হসপিটাল"" এ জরুরি ভিক্তিতে রক্ত প্রয়োজনঃ -------------------------------------------------------------------- একজন বয়স্ক রোগীর কোমরের হাড়ের অপারেশানের জন্য আগামীকালকের (৩০.১২.২০১৫) মধ্যে ৪ ব্যাগ ও নেগেটিভ রক্ত প্রয়োজন। এখনও রক্ত পাওয়া যায় নি। রক্ত পাওয়া না যাওয়ায় অপারেশান পিছানো হয়েছে। রক্ত দিতে না পারলে শেয়ার করে রক্ত পেতে সাহায্য করুন। হাসপাতালঃ আনোয়ার খান মডার্ন হসপিটাল, কলাবাগান, ব্যাগঃ ৪ ব্যাগ, যোগাযোগঃ <PHONE> (রোগীর আত্মীয়)।",,,
2682,False,0,0,not_request,likely,Asking who is willing to donate in Ramadan.,bn,facebook,রোজার মাসে কে কে রক্ত দিতেইচ্ছুক তাদের দেখতে চাই...🥰 আপনার ব্লাড গ্রুপ বলে যান,,,
2685,False,0,0,not_request,certain,News about loan defaulters.,bn,banglanmt,ঋণ খেলাপি ও অর্থ পাচারকারীদের তালিকা তৈরি করে তা প্রকাশের জন্য বাংলাদেশ ব্যাংকের গভর্নরকে নির্দেশ দিয়েছেন হাইকোর্ট।,,,
2691,False,0,0,not_request,likely,Reply asking hospital name.,en,ebdr-twitter,@manash919821 Please share hospital name. Thanks!! #BloodMatters,,,
2692,False,1,1,not_request,likely,Humorous offer to donate O+.,bn,facebook,আমি ব্লাড দিতে গেলেই রোগীর আর ব্লাড লাগেনা।একবছর ধরেই একই কাহিনী।কেউ নিয়ে আমাকে মুক্ত কর। ও+ <PHONE>,,,
2707,False,0,0,not_request,certain,Commodity sales limits news.,bn,banglanmt,"একজন গ্রাহক সর্বোচ্চ দুই কেজি পেঁয়াজ, ৪ কেজি চিনি, ৪ কেজি ডাল ও ৫ লিটার সয়াবিন তেল কিনতে পারবেন।",,,
2713,False,0,0,not_request,certain,House maid job ad.,en,ebdr-twitter,RT @sazajwal: part time house maid required urgently https://t.co/y4wnE7uJFG,,,
2718,False,1,1,request,certain,B+ donor needed for heart surgery patient.,en,ebdr-twitter,"1 B+ve donor for Viraf Dumasya (Heart surgery) at ICU 1905, 6th Floor, Jaslok Hospital Blood Bank, Mumbai. Contact... http://fb.me/w9Yu5lOw",,,
2725,False,1,1,request,certain,Urgent O-ve platelets needed at PGI.,en,ebdr-twitter,#Chandigarh O-ve #Platelets #urgent #need at PGI Pls Call <PHONE> #Jun_18 @anilapositive @WeAreChandigarh #BloodMatters,,,
2729,False,0,0,not_request,likely,"Clarifying question about blood group, not an appeal.",en,ebdr-twitter,@neeleshsahu Any specific blood group required?,,,
2732,False,0,0,not_request,likely,Telugu report about donors ineligible at a camp.,en,ebdr-twitter,"RT @Abhishe40367323: కొంత మంది చాలా ఉత్సాహంగా బ్లడ్ ఇవ్వడానికి వచ్చారు కానీ వాళ్ళు తగినంత బరువు లేకపోవడం, హిమోగ్లోబిన్ తక్కువగా ఉండటం వల్ల…",,,
2737,False,1,1,request,likely,"Asks to share: blood required, link.",en,ebdr-twitter,Plz share or RT. #blood required #BloodDonors https://t.co/gIeDrr8cbo,,,
2746,False,0,0,not_request,likely,Reply asking for patient details,en,ebdr-twitter,@SubodhK_ Request you to please share patient name in case you mentioned hospital number or else provide patient's family number. Thanks!! #BloodMatters,,,
2758,False,0,0,not_request,certain,Football streaming spam.,en,ebdr-twitter,RT @LivesportsAcc: Croatia Live: FIFA World Cup Football 2018 HD TV 🏆Free Streaming #WorldCup #Croatia #Denmark Full Game Watch Now Online…,,,
2759,False,1,1,not_request,likely,"Collecting willing donors' info, no patient need.",bn,facebook,আসসালামু আলাইকুম। আমরা যারা রক্ত দিতে আগ্রহী তারা তাদের [নাম-নাম্বার-লোকেশন- রক্তের গ্রুপ] কমেন্টস এ জানান। ধন্যবাদ💗,,,
2769,False,0,0,not_request,likely,"Reply asking for hospital name, not itself an appeal.",en,ebdr-twitter,@Kareem_CPT Please share hospital name. Thanks!! #BloodMatters,,,
2776,False,0,0,not_request,certain,"Economics text, unrelated.",bn,banglatlit,"যদিও বিনামূল্যে-বাজার সাধারণত সঙ্গে যুক্ত পুঁজিবাদ আজ, মুক্ত বাজারের হয়েছে সমর্থন সমাজবাদীরা এবং জন্য বিভিন্ন প্রস্তাব করেছেন অন্তর্ভুক্ত করা হয়েছে বাজার সমাজতন্ত্র যেখানে মূলধন বাজার বরাদ্দকরণের সঙ্গে মিলিত হয় উদ্যোগ, এবং কর্মী মালিকানাধীন সমবায় বা প্রকাশ্যে মালিকানাধীন উদ্যোগের মধ্যে স্ব পরিচালনার মুক্ত বাজারের কাজ.",,,
2779,False,1,1,request,certain,AB+ blood needed at Comilla hospital for evening operation.,bn,facebook,কুমিল্লা মিশন হসপিটাল রেইসকোর্সে (opposite of red roof inn hotel & restaurant) AB+ ব্লাড প্রয়োজন !!! হসপিটালের আশে পাশে ব্লাড ডোনার থাকলে যোগাযোগ করার অনুরোধ রইল। ক্রস মেচ করে কনফার্ম হতে হবে তাই বিকেল ৪ টায় উপস্থিত হতে পারলে ভাল হয় কারন। সন্ধ্যায় অপারেশন। ধন্যবাদ। যোগাযোগ: <PHONE>,,,
2787,False,0,0,not_request,certain,Motivational slogan about blood donation.,bn,facebook,"“জীবন বাঁচাতে সহযোগীতা করতে চান, তাহলে মুমূর্ষ রোগীকে করুন- রক্তদান”।🩸",,,
2798,False,1,1,request,likely,"Patient problem, O+ group, hospital, contact; implicit request.",bn,facebook,রোগীর সমস্যা: জরায়ুতে টিউমার রক্তের গ্রুপ: O+ Nowdapara Islami bank medical যোগাযোগ: <PHONE>,,,
2810,False,0,0,not_request,certain,Complaint about fake app.,bn,banglatlit,"হায়রে ভাই, মনে হয়…১০/১৫ টা টাস্ক কমপ্লিট….১ টারও পয়েন্ট কানাকড়ি ও দেয়নি। ভুয়া অ্যাপ। আর দিয়েন না পোস্ট। অফার দিয়ে কি করবো। যদি পয়েন্ট অ্যাড ই না হয়। 2 ওয়িক প্লাস…অ্যাড হবার খবর নাই।",,,
2824,False,0,0,not_request,certain,Phone question.,bn,banglatlit,ভাই আমার সিম্ফনি এইচ৬০.১জিবি রেম ৮জিবি রম কিন্তু ইন্টারনাল স্টোরেজ ৪.৯৮ থেকেজাই এইটা কি ইনস্টল হবে .এন্ড ফোন ব্রিক হওয়ার সম্ভাবনা কত %.প্লিজ বলেন ?,,,
2839,False,0,0,not_request,certain,"Complaint about phone/channel, unrelated",bn,banglatlit,"বাংলাদেশ এর বিগেস্ট একটা চ্যানেল, তার জন্যে মধ্যবিত্ত রা বিপদে পড়বে এইটা মোটেও মেনে নেওয়ার মত না . সামান্য টাকার জন্যে । মানুষ কে বিপদে ফেলানো কোনো ভাবেই সুস্থ মানুষ এর বিবেকে আসে না.. আমি তো নিজে এই ফোন টা কি করে সেল দিবো চিন্তায় পড়ে গেছিলাম অবশেষ এ আল্লাহর রহমতে আমি তাদের সাথে চেঞ্জ করতে সফল হয়েছি",,,
2860,False,1,1,request,certain,AB+ and B+ bags needed tomorrow for patients.,bn,facebook,আগামীকাল একজন অসহায় মহিলা এবং একটি এতিম মেয়ের জন্য এক ব্যাগ AB+ এবং এক ব্যাগ B+ রক্ত প্রয়োজন। আগ্রহী রক্ত দাতাকে কমেন্ট করার জন্য অনুরোধ করছি।,,,
2861,False,1,1,request,certain,Retweet: O+ blood required urgently in Lahore.,en,ebdr-twitter,RT @mabdullah130: @BloodDonorsPk : O+ blood required urgently in PIC LAHORE. Contact <PHONE>,,,
2865,False,0,0,not_request,certain,Religious forum comment; unrelated.,bn,banglatlit,ফার্স্ট এ ইগনোর করতে গিয়েছিলাম ….পরে পড়লাম পোস্ট টা ….খুব এ ভালো লাগলো ….আসলে আমারও এমন অনেক ভুল হয় …এ জন্য নিজেকে অভাগ্যভন মনে করি ….আমাদের সবাইর উচিত যে সবসময় আমরা আল্লাহ এর উপর ভরসা রাখা …এতে সব পাপ থেকে বিরত থাকা যাবে ইন সা আল্লাহ ….এন্ড গুড লাক টু অল …,,,
2866,False,0,0,not_request,certain,Religious discussion,bn,banglatlit,"জ্বী ভাই জানেন আমি আলেম নই, তবে এগুলা আলেম থেকে কালেক্ট করা। কোনো ভুল পেলে বলবেন নিজেকে শুধরে নিবো। আর আমরা মুসলিম এটায় আর পরিচয় হানাফি বা আহেলি-হাদিস নয়। কুরান এর সহিহ সুন্নাহ অনুযায়ী আমল করাই একজন মুসলিম হিহাবে আমাদের দায়িত্ব। কোনো ভুল বা এর চেয়ে শক্তিশালী হাদিসের দলিল পেলে জানাবেন তখন এগুলা বর্জনীয়। কমেন্ট এর জন্য?",,,
2868,False,1,1,request,certain,Need B- blood urgently in Chittagong.,tbn,facebook,need B- blood urgent Contact Mehedi Munnå Location : Chittagong,,,
2869,False,0,0,not_request,certain,Dengue death news.,bn,banglanmt,এ নিয়ে এই হাসপাতালে ডেঙ্গু জ্বরে আক্রান্ত হয়ে মৃত্যুর সংখ্যা ১১ জনে পৌঁছাল।,,,
2877,False,0,0,not_request,likely,Reply suggesting calling shared number,en,ebdr-twitter,"@adi03071987 @svraghunandan Hey Aditi, Thanks for reaching out. Can you please call on the shared number and check further details. Thanks again. cc @svraghunandan",,,
2891,False,1,1,request,certain,Urgent 2 B-ve donors today,en,ebdr-twitter,"URGENT 2 B-ve donors today at Room no.309, 3rd Flr, Breach Candy Hospital, Mumbai. **C/o Asmita Iswalkar... http://t.co/Tw6hmkIUSk",,,
2902,False,0,0,not_request,certain,Trading spam.,en,ebdr-twitter,~~~~~~~~~~~~~~~~~~~~~~~~~~~~~~~~~~~~~~~~~~~~~~ EASY TRADING PLATFORM https://t.co/MQNjTyvWJn … … … … … … (FREE 250… https://t.co/lq1Mlhd8Cj,,,
2905,False,1,1,request,certain,1 bag O+ for delivery patient in Sylhet.,bn,facebook,"জরুরী ভিত্তিতে একজন ডেলিভারি রোগীর জন্য O+ রক্তের প্রয়োজন। রক্তের গ্রুপঃ O+ রোগীর সমস্যাঃ ডেলিভারি রক্তের পরিমাণঃ ১ ব্যাগ রক্তদানের স্থানঃ সিল মাউন্ট হাসপাতাল, সিলেট রক্তদানের সময়ঃ সন্ধ্যা ৬ ঘটিকার মধ্যে যোগাযোগঃ <PHONE>",,,
2911,False,1,1,not_request,likely,"Prefixed 'managed, thanks': need already fulfilled.",bn,facebook,"ম্যানেজ,ধন্যবাদ জরুরী রোড এক্সিডেন্ট এ আহত এক ভাইএর জন্ন্য জরুরী ভাবে এক ব্যাগ বি(+)পজেটিভ রক্ত দরকার। স্থান মিরপুর ১ ,কলওয়ালা পাড়া আল-রাজী হাসপাতাল ,ঢাকা।। যোগাযোগ :<PHONE>",,,
2915,False,0,0,not_request,certain,Mobile data pack advice.,bn,banglatlit,"ভাই.. আপনার জন্য একটা উপায় আছে..জিপি সিম এ ১৮ টাকা ১ গব(এফবি পাচক)+৬০ মিন জিপি-জিপি. এই এফবি প্যাক দিয়ে অল অ্যাপ চালাতে পারবেন, হাই স্পিড.লাগলে..এফবি তে নক করুন.",,,
2922,False,1,1,request,certain,Protester needs 10 bags AB+ blood at CMH.,en,telegram,"One of the protesters needs 10 Bags of AB(+) positive blood to survive. He is at CMH now. Please help if possible—please call <PHONE> (Ashraf, AIS5, BUP). Please spread this information. Dr. Md Tapan Mahmud",,,
2925,False,0,0,not_request,certain,Wants to buy PayPal dollars.,tbn,banglatlit,Vai amar PayPal a kicu dollar lage Jodi thaka amar kace sell korte paren my phone number <PHONE> Ba Facebook: facebook.com/wdridoy.4 Amar satha kota bollei bojte parben ami kharap na valo .,,,
2926,False,0,0,not_request,certain,Flood rescue info.,en,ebdr-twitter,"#ChennaiRainsHelp To check on family stranded <PHONE>(control room sending rescue teams) Give (Name, contact, address with Landmark)",,,
2929,False,0,0,not_request,certain,Biographical sentence.,en,banglanmt,He was born at Puali village under Bhorghata at Kalkini upazila in Madaripur district.,,,
2942,False,1,1,request,certain,Retweet: negative blood urgently required in Lahore hospital.,en,ebdr-twitter,"RT @theironicirony: VERY URGENT! AOA. Ab -ve , B -ve or O -ve blood is urgently required in Hameed Lateef Hospital #Lahore. We are unable…",,,
2945,False,1,1,request,certain,"1 bag O- for pregnant patient, clinic and contact.",bn,facebook,"সমস্যাঃরোগী গর্ভবতী রক্তের গ্রুপ ঃO- রক্তের পরিমানঃ ১ব্যাগ ১৪ নভেম্বর ২০১৯ সময়ঃ১ঘন্টার স্থানঃ মাতৃসজন ক্লিনিক, ধলপুর ঢাকা। নাম্বার ঃ <PHONE>,<PHONE> সম্পর্ক ঃ ভাবি",,,
2949,False,1,1,request,certain,"A+ blood needed in February, contact given.",tbn,facebook,A+ Blood needed jode karo thaka knock deo no:<PHONE> February moddha lagba,,,
2962,False,1,1,request,certain,Retweet: urgent B+ blood required for surgery,en,ebdr-twitter,RT @SubodhK_: @richaanirudh @rajeev_mp @mainbhiengineer @coolfunnytshirt Urgent B+ blood group required for a surgery in Manipal hospital (…,,,
2967,False,0,0,not_request,certain,Research news on blood screening.,en,ebdr-twitter,RT @JHepatology: Westhölter et al. screened all #blood donations at the University Medical Center Hamburg-Eppendorf for HEV RNA from 10.201…,,,
2983,False,0,0,not_request,certain,News sentence,bn,banglanmt,এরপর সকাল ১১টায় তিনি বাংলাদেশ ছাড়বেন।,,,
2985,False,0,0,not_request,certain,Router tech help; unrelated.,bn,banglatlit,ভাই আমার মির্কাসয়স এমডব্লিউ৩০৫আর..সেটআপ করলে ও একটিভ হচ্ছে না..নেট চলসে না…অনেক ইউটিউব প্লাস পোস্ট দেখসি অনেক ট্রাই করসি হয় না…ভাই ইয়েলো এরর আইকন এসে থাকে..প্লিজ ফুল একটা পোস্ট দেন..তাড়াতাড়ি..বা আমায় একটা হেল্প করেন..যেন কাজ করে,,,
2993,False,0,0,not_request,certain,Advice to treat volunteers well.,bn,facebook,"স্বেচ্ছাসেবকদের সাথে সৌহার্দপূর্ণ আচরণ করুন। স্বেচ্ছাসেবকদের সাথে খারাপ আচরণ করবেন না। বিপদের সময় কোন আত্বিয় আসে না, স্বেচ্ছাসেবকরাই নি:স্বার্থে রক্ত দিতে আসে।",,,
3006,False,0,0,not_request,certain,Sheriff news about shooting.,en,ebdr-twitter,RT @TazewellSheriff: At 1:14 am Sunday morning the Tazewell County 911 Center received an urgent call from witnesses regarding a double sho…,,,
3007,False,1,1,request,likely,"Terse need: AB+ for open heart surgery, hospital, phone",en,telegram,"Open heart surgery. Patient is in LIFE SUPPORT AB Positive Universal Hospital,Mohakhali <PHONE> July, 2024",,,
3016,False,1,1,request,certain,Four B+ platelet donors urgently needed at SGPGI.,en,ebdr-twitter,#Lucknow UP 4 B+ve #Platelets #donors #urgent #need at SGPGI Pls Call <PHONE> #Jun_26 @ShrutiRedFm @lucknowpolice #BloodMatters,,,
3021,False,0,0,not_request,likely,Volunteers venting about their limits; no blood need.,bn,facebook,"সবার আগে আমরাও মানুষ। আমাদেরও সংসার জীবন আছে। জীবিকার তাগিদে আমরা কেউ ব্যাবসা করি, কেউ চাকুরী করি, আবার কেউ স্টুডেন্ট। আমরা ব্লাড ম্যানেজ করে দেই, ব্লাড তৈরি করিনা, তাই বুঝে নিবেন কি করবেন",,,
3023,False,1,1,request,certain,2 bags A+ urgently needed at Rangpur Medical.,bn,facebook,জরুরি ভিওিতে ২ ব্যাগ A+ রক্ত প্রয়োজন। রংপুর মেডিকেল কলেজ হাসপাতাল। কেউ থাকলে সাড়া দিবেন দয়া করে <PHONE>,,,
3028,False,1,1,request,certain,Two bags O+ urgently needed for father's operation.,bn,facebook,একজন বাবার অপারেশনের জন্য জরুরী ভিত্তিতে যতো দ্রুত সম্ভব ২ ব্যাগ [O+] ও পজিটিভ রক্ত দরকার। দিতে না পারলেও কপি পেষ্ট বা শেয়ার করুন যেন অন্য কেউ এগিয়ে আসতে পারে। স্থান: এম আব্দুর রহিম মেডিকেল কলেজ হাসপাতাল যোগাযোগ : <PHONE>,,,
3029,False,0,0,not_request,certain,"Awareness and posting template, no patient.",bn,facebook,রক্ত মানুষের জীবন বাঁচায়। রক্তদান একটা মহৎ কাজ। আসুন রক্ত দেয় জীবন বাঁচায়। কারো রক্তের প্রয়োজন হলে এই ফরমেটে পোস্ট করবেন। 🔴 রক্তের গ্রুপ : 💉 রক্তের পরিমাণ : ⌚ রক্তদানের সময় : 🗓 রক্তদানের তারিখ : 🏥 রক্তদানের স্থান: ☎ যোগাযোগ : সচেতনতায় : খুলনা ব্লাড ফাউন্ডেশন,,,
3032,False,0,0,not_request,certain,NHS performance statistics.,en,ebdr-twitter,"RT @KateBurkeNHS: Just under 100% (99.4%) of patients assessed, admitted or discharged under 4 hours yesterday. 96.3% for the week. Huge th…",,,
3037,False,1,1,request,certain,Urgent B+ blood required for surgery.,en,ebdr-twitter,RT @SubodhK_: @richaanirudh @rajeev_mp @mainbhiengineer @coolfunnytshirt Urgent B+ blood group required for a surgery in Manipal hospital (…,,,
3045,False,0,0,not_request,certain,Phone troubleshooting,bn,banglatlit,ব্রো …আমার ফোন তা হলো সিম্ফনি উ ৭১.. কিছু সময় পর পর কোনো সফটওয়্যার ই ওপেন হয় না ….মাঝে মাঝে হোম লাঞ্চর ই ওপেন হয় না ……লিখা আসে (সিস্টেম ইউ আই স্টপেড ..বা অপাররা স্টপেড )..ভাই আপনি তো বেস্ট …কি করবো বলেন প্লিজ,,,
3077,False,1,1,request,certain,B+ platelets urgently needed at Yashoda Hospital.,en,ebdr-twitter,#Hyderabad 1 Unit B+ve #Platelets #urgent #need at Yashoda Hospital Somajiguda Pls Call <PHONE> #July_11 via @trulymaheshh #BloodMatters,,,
3081,False,0,0,not_request,certain,B+ donors ready; an offer.,bn,facebook,সিলেট সদরের মধ্যে বি+ দুইটা ডোনার রেডি আছে। প্রয়োজনে ইনবক্স বা ফোন করতে পারেন।ফোনঃ<PHONE> [বিদ্রঃসিউর না হয়ে কল বা মেসেজ দিবেন না] 1 বেগ রোগী মেনেজ,,,
3082,False,0,0,not_request,likely,Invitation to donor meet event.,en,ebdr-twitter,# Crescent Blood Donors Invites u for a grand LIFE SAVERS MEET @BSAUNIVERSITY @CBDonors @Raktabhaa @BloodAid http://t.co/RXTRpIYkW2,,,
3084,False,1,1,request,certain,"Urgent B+ blood needed for younger brother, Uttara, contact given.",bn,facebook,#আর্জেন্ট আমার ছোট ভাইয়ের জন্য বি পজেটিভ রক্ত লাগবে লোকেশন: উত্তরা ঢাকা যারা রক্ত দিতে ইচ্ছুক তারা মেসেঞ্জারে নক করুন অথবা সরাসরি ফোন দিন Contact: <PHONE>,,,
3088,False,1,1,request,certain,O+ platelet needed now at Ibn Sina.,tbn,facebook,"Platelet needed (Now) Group: O+(must be 60kg or over 60kg) Ibn Sina Medical College Hospital,Kallyanpur Number: <PHONE>",,,
3090,False,0,0,unsure,likely,Truncated post about mother in pain; blood need unclear.,en,ebdr-twitter,My mum is currently lying in agony with abdominal pain in Hadfield 4 ward at Sheffield Northern General Hospital.… https://t.co/CUIK0Ygade,,,
3106,False,1,1,request,likely,Appeal for leukemia patient brother; truncated but blood appeal context.,en,ebdr-twitter,"Lt idrees, 135 L/C My brother has been diagnosed with leukemia (Blood Cancer) and admitted in Shiekh Zaid hospital… https://t.co/98BCvZwoml",,,
3115,False,0,0,not_request,certain,Japanese blood-type ranking trivia.,en,ebdr-twitter,下に見られやすい血液型ランキング 1位 B型 2位 AB型 3位 O型 4位 A型 B型のイメージはまだ悪いようで、常に下に見られてしまうようです 逆に最も日本人的とされるA型は下に見られることはあまりないそうです,,,
3122,False,0,0,not_request,certain,Phone/APK tool advice.,bn,banglatlit,না হওয়ার সমভাবনা আছে. তবে ফোন এমটি ৬৫৭২ নিলে ভালো. অনেক সুবিধা পাবেন. এপিকেটুল জিপ এ এপিকেটুল ডাটা ফোল্ডার থাকলে যেটা ছাড়া এপিকেটুল কাজ করবে না.,,,
3125,False,1,1,request,certain,AB+ 5 bags urgently needed for child.,en,ebdr-twitter,"Assalam o alaikum Dear friends and colleagues , Urgently required AB+ blood group (5bags) for 1.5years old child… https://t.co/L4aHJes9Ek",,,
3127,False,1,1,request,certain,1 bag B+ needed today for anemic patient.,bn,facebook,আজকে বিরামপুর নিউ মডার্ন ক্লিনিকে রক্ত স্বল্পতা রোগীর জন্য এক ব্যাগ B+ রক্ত প্রয়োজন। আগ্রহী রক্ত দাতাকে কমেন্ট করার জন্য অনুরোধ করছি। মোবাইল:<PHONE>,,,
3136,False,1,1,request,certain,B- one bag needed for malaria patient.,bn,facebook,"খুব ইমার্জেন্সি,,কেউ এগিয়ে আসুন প্লিজ 🙏 💁রোগীর সমস্যা: মেলেরিয়া 🔴রক্তের গ্রুপ: বি- নেগেটিভ 💉রক্তের পরিমাণ: ১ ব্যাগ 📆রক্তদানের তারিখ:২৩/১২/২৩ ⌚রক্তদানের সময়: ১২ টা 🏥রক্তদানের স্থান: এম এ জি ওসমানী মেডিকেল সিলেট ☎যোগাযোগ:<PHONE>",,,
3153,False,0,0,not_request,certain,Mobile package USSD codes; unrelated.,bn,banglatlit,বাড়ানো যাবে রেইল করো *৫০০০*৮*১# তার পর নিজে ইচ্ছা মতো ডেট বাছাই করো …।কিন্তু যেটা একটিভ করবা সেটা হলো এফবি প্যাকেজ কিন্তু *৫৬৬*১০# আরও মেয়াদ বাড়বে ওকে…।!!!,,,
3161,False,0,0,not_request,certain,Tech complaint; unrelated.,bn,banglatlit,পাগল ছাগল টিউনার .আরে ভাই আগে ট্রাই করেন তারপর পোস্ট দেন . নেট মাস্ট অন লাগবে … জিমেইল ফোন এ থাকা লাগবে লোকেশন জানতে লোকেশন অন থাকতে হবে . রিসেট মারলে সব শেষ . ফ্ল্যাশ মারলে ২হাজার গ্যারেন্টি শেষ,,,
3163,False,1,1,request,certain,Emergency AB+ blood needed at Comilla Medical.,bn,facebook,রক্ত লাগবে ইমারজেন্সি AB positive কুমিল্লা মেডিকেল প্লিজ কেউ একটু সারা দেন,,,
3180,False,0,0,not_request,certain,Complaint about course ads.,bn,banglatlit,"টেন মিনিটস এর কোনো কোর্স কিনার মতো লোক ট্রিকবিডিতে নাই,ট্রিকবিডিতে সবাই ভিজিট করে বিভিন্ন ট্রিক শিখার জন্য,কোর্স কিনার জন্য নাহ,সো দয়া করে নেক্সট টাইম এরকম এড এর পোস্ট করবেন না",,,
3184,False,0,0,not_request,certain,Forum praise; unrelated.,bn,banglatlit,user ভাই ভাষা হারাই ফেলছি পোস্ট পড়তে পড়তে জ্ঞান নাই ট্রিকবিডি তে এতো বড় পোস্ট আজকে প্রথম পড়লাম খুব ভালো লাগলো পড়তে অ্যান্ড চালায় যাও সাথে আছি পাশে আলওয়েজ পাবা,,,
3186,False,0,0,not_request,certain,Crypto spam,en,ebdr-twitter,RT @Airdrop_BOMBER: ~~~~~~~~~~~~~~~~~~~~~~~~~~~~~~~~~~~~~~~~~~~~~~ EASY TRADING PLATFORM https://t.co/MQNjTyvWJn … … … … … … (FREE 250 ETT…,,,
3191,False,1,1,request,certain,Urgent O- donor needed for pregnant woman.,en,ebdr-twitter,"RT @MusadiqZ: Urgent! O- (O Negative) blood donor needed for a pregnant woman admitted at Garden city hospital, Kaduna. If you can donate…",,,
3196,False,0,0,not_request,certain,Respect volunteers statement.,bn,facebook,সেচ্ছাসেবী কারো চাকরি করেনা নিজের টাকা খরচ করে মানবসেবা করে তাই সেচ্ছাসেবীদের সম্মান দিতে শিখুন।😊,,,
3199,False,0,0,not_request,certain,Awareness campaign statement.,bn,curated-adversarial,সচেতনতা প্রচারাভিযান রক্তের গ্রুপ জানার গুরুত্বকে তুলে ধরেছে।,,,
3201,False,0,0,not_request,certain,Mobile package question; unrelated.,bn,banglatlit,"আচ্ছা ভাইয়া , এই সিসটেম এ কি মিনিট এর মেয়াদ বাড়ানো যাবে ? ধরেন আমি ফ্লেক্সিপ্ল্যান অ্যাপ থেকে ৩০০ মিনিট ১৫ দিন মেয়াদ এ কিনলাম, তারপর মেয়াদ বাড়ানোর জন্য আবার ফ্লেক্সিপ্ল্যান অ্যাপ থেকে ১০ মিনিট ১৫ দিন মেয়াদ এ কিনলাম, তাহলে কি আগের মিনিট এর সাথে নতুন মিনিট অ্যাড হয়ে মেয়াদ বাড়বে কি? শিওর হয়ে বলবেন.. নোট : আমি সেম ভ্যালিডিটি দিবো। বাট প্যাক আলাদা হবে, আগে ৩০০ মিনিট আর পরে ১০ মিনিট।",,,
3202,False,1,1,request,certain,Seeking A+ donor in Chittagong for a relative.,en,facebook,"Any A+ blood donor in ctg?! Need blood for a relative, the patient will come from village home after confirmation of blood. Contact me : <PHONE>, <PHONE>",,,
3212,False,0,0,not_request,certain,Report of completed donation.,bn,facebook,Birampur Blood Bank গ্রুপের সিনিয়র মডারেটর ও OAB Foundation এর এডমিন ছোটো ভাই Md Minhajul Islam Hridoy একজন রক্তস্বল্পতা রোগীকে তার মূল্যবান এক ব্যাগ O+ রক্তদান করেছে। এটি তার ১৬ তম রক্তদান। শুভ কামনা রইলো ভাই।,,,
3215,False,1,1,request,certain,Forwarded urgent A- need for shot student.,en,telegram,"It's urgent A student in Uttara has been shot in the head. Urgently need A-negative blood. Please find an A-negative donor in Uttara. Contact: <PHONE> (Sumon) Patient's Name: Tamim. Hospital: Uttara Lab Aid, Sector 6 Blood Type: A- negative. Tahia forwarded a message Tahia Samiha Idika 106.Please spread this It's urgent A student in Uttara has been shot in the head. Urgently need A-negative blood. Please find an A-negative donor in Uttara. Contact: <PHONE> (Sumon) Patient's Name: Tamim. Hospital: Uttara Lab Aid, Sector 6 Blood Type: A-negative. @everyone kindly help if you can.",,,
3221,False,1,1,request,certain,O+ and B+ blood needed tomorrow for patients.,bn,facebook,আগামীকাল বিরামপুর রক্ত সল্পতা রুগির জন্য ও পজিটিভ ও থ্যালাসেমিয়া রুগির জন্য বি পজিটিভ রক্ত প্রয়োজন।,,,
3223,False,1,1,request,certain,"O+ blood required at Swat, share request.",en,ebdr-twitter,O +ve Blood required at #Swat please RT/Share https://t.co/7Z9OkSAU4J,,,
3228,False,1,1,request,certain,Retweet: platelets required for patient at NIBD Karachi.,en,ebdr-twitter,RT @MariaPtweets: #BloodDonation #Karachi platelets required for a patient at NIBD Hospital Near National Stadium Karachi. 7-10 bags are r…,,,
3230,False,1,1,request,certain,"Platelet donor needed for dengue patient, contact.",bn,facebook,"আসসালামু আলাইকুম পেশেন্ট : ডেংগু (মহিলা) প্লাটিলেট : 10,000 লোকেশন: মহাখালী DNCC Hospital (Dedicated Covid 19 Hospital) সময়:২৬/২৭ অক্টোবর গ্রুপ: A+ কন্টাক্ট : <PHONE> (শাহীন, রোগীর হাজব্যান্ড)",,,
3232,False,1,1,request,certain,"AB+ 4 bags emergency in Sirajganj, call.",bn,facebook,কেউ আছেন সিরাজগঞ্জ বাশী AB+ সারা দিন এমারজেন্সি ৪ ব্যাগ Call <PHONE>,,,
3237,False,1,1,request,certain,B+ bag needed for child accident patient.,bn,facebook,"একটি মানবিক আবেদন, 🙋রোগীর সমস্যাঃ‌ বাচ্চাএক্সিডেন্ট 🔴রক্তের গ্রুপঃ B+ 💉রক্তের পরিমাণঃ ১বেগ ⚖️️হিমোগ্লোবিনঃ 📆রক্তদানের তারিখঃ৬/০২/২০২৩ ⌚রক্তদানের সময়ঃ আজকের মধ্যে 🏥রক্তদানের স্থানঃ কুমিল্লা কুচাইতুলি হসপিটাল। ☎️যোগাযোগঃ <PHONE> 🚻রেফারেন্সঃ মোজাম্মেল।",,,
3251,False,1,1,request,certain,Needs 3 bags B+ blood urgently.,tbn,facebook,Need 3 bag b+ blood urgently. Kurmitola <PHONE> tar moddhei lagbe,,,
3252,False,1,1,request,certain,O+ 3 bags for open heart surgery,bn,facebook,রক্ত দিন জীবন বাঁচান ইউনাইটেড হসপিটালে চিকিৎসাধীন আমার এক ভাইয়ের জন্য জরুরী ভিত্তিতে রক্তের প্রয়োজন। আগ্রহী সম্মানিত ডোনার বন্ধুগণকে নিচের নম্বরে যোগাড় করার অনুরোধ রইলো। 🚫 রোগীর সমস্যা :- ওপেন হার্ট অপারেশন 🔴 রক্তের গ্রুপ :- O+ 💉 রক্তের পরিমান :- ৩ ব্যাগ 📆 রক্তদানের তারিখ :- ২০/১০/২০২০ সকাল ১০ টা ⌚ রক্তদান :- ডোনার গেলে ব্লাড নেওয়া হবে 🏥 রক্তদানের স্থান :- ইউনাইটেড হাসপাতাল ☎ যোগাযোগের নাম্বার :- <PHONE> (মহি) মহিউদ্দিন আহমেদ,,,
3265,False,1,1,request,certain,O- donor urgently required for baby on ventilator.,en,ebdr-twitter,Serious baby patient on ventilator O- Blood Donor urgently required for a serious 2 days baby patient in #ICU... https://t.co/S8h5RZf9ck,,,
3282,False,0,0,not_request,likely,General donor recruitment; no specific patient.,en,facebook,If anyone want to donate blood to the poor people then they contact with me Emon(senior admin of BZKD) Call @ <PHONE>,,,
3287,False,0,0,not_request,likely,States B negative blood is available in blood bank.,en,ebdr-twitter,RT @rahulias6: @ichandanthakur @BloodDonorsIn @Bloodhelpline @RAKTDATA @Blood4Help @TajinderBagga B Negative blood is available in Blood Ba…,,,
3290,False,1,1,request,certain,A negative 2 bags needed for delivery patient,tbn,facebook,A negative blood lagbe 2 beg delivery rugi. Location Cumilla laksam. Kew parle janaben plz khub dorkar😥😥😥,,,
3301,False,1,1,request,certain,Asks for A- blood today at Cumilla hospital with contact.,tbn,facebook,A(-)blood lagbe. Keo deyar ichuk hole doya Kore miss call bad comment korun. <PHONE> Location:- Cumilla Mon hospital er sathe. Ajke lagbe,,,
3305,False,0,0,not_request,certain,Tech warning post.,bn,banglatlit,"কেউ ডাউনলোড দিবেন না,,, এটা একটা বাজে ট্রিক্স ....... আমি মোবাইল দিয়ে কালি লিনাক্স চালাই, এন্ড,, ওয়াইফাই হ্যাক,,,,........ কোন ধরনের আইসো ফাইল ডাউনলোড না দিয়েই চালানো যায়... .... আমি ১-২ দিনের মধ্যে ইনশাল্লাহ পোস্ট করব...........",,,
3306,False,1,1,request,certain,Three bags B+ needed for tumor operation.,bn,facebook,আগামীকাল রোজ শনিবার জরুরী ভিত্তিতে ৩ ব্যাগ বি-পজিটিভ রক্তের প্রয়োজন রক্তের গ্রুপ : বি-পজেটিভ রুগীর সমস্যা: টিউমার অপারেশন রক্তের পরিমান:৩ ব্যাগ লোকেশন : United poly clinic zindabaza,,,
3310,False,0,0,not_request,certain,Description of wildlife; unrelated.,bn,banglatlit,"এখানে চিত্রা হরিণ, মেছো বিড়াল, লাল বান্দর, বাংলা বাঘ, দেশি বন শুকর, ভোঁদড়, গুই সাপ, লোনা জলের কুমির, জলপাইরঙা সাগর কাছিম, কেটো কচ্ছপ, এবং নানা প্রজাতির পাখি দেখা যায়।",,,
3315,False,1,1,request,certain,Needs 3-4 bags O- at Dhaka Medical.,bn,facebook,আমার O- blood লাগবো ৩/৪ ব্যাগ এর মত রুগি বর্তমানে ঢাকা মেডিকেল এ ভর্তি। ঢাকা যাওয়া আসা সম্পূর্ণ খরচ আমি নিজে বহন করা হবে।,,,
3324,False,1,1,request,certain,Urgent O+ blood appeal for hysterectomy.,bn,telegram,"🩸জরুরি রক্তের জন্য আবেদন🩸 🪢রুগীর সমস্যাঃ Hysterectomy 🔴 রক্তের গ্রুপঃ O+ (ও পজিটিভ) 💉 রক্তের পরিমাণঃ 1 ব্যাগ 📆 রক্তদানের তারিখঃ ৮ আগস্ট ২০২৪ 🏥 রক্তদানের ঠিকানাঃ Hi-tech hospital, Kafrul ‌📳 যোগাযোগঃ <PHONE>",,,
3328,False,0,0,not_request,certain,Complaint about patient families' behavior.,bn,facebook,রোগীর লোকের দুরব্যবহারের কারণে আজ অনেক সেচ্ছাসেবী হারিয়ে গেছে 😓😓,,,
3330,False,0,0,not_request,certain,Japanese diet tip; unrelated.,en,ebdr-twitter,＼ダイエットワンポイント／ 【やせる：冷やしとろろ蕎麦】 冷やしとろろ蕎麦（セブンイレブン）：333kcal（426円） ネギ、なめこ、オクラの盛り合わせが涼しさを誘うとろろ蕎麦です。蕎麦にはビタミンB群が含まれており、糖分の代謝促進効果が期待！ #ダイエット #食事 #運動,,,
3331,False,1,1,not_request,likely,General donor recruitment asking groups/locations; no specific patient.,bn,facebook,আমার ব্লাড গ্রুপ (A+blood) এ পজিটিভ আপনের ব্লাড গ্রুপ কি প্রচুর রক্তের রিকোয়েস্ট আসতেছে 🥲 রক্তদাতা খুজে পাওয়া যাচ্ছে না 😪 কার কার সময় হইছে ব্লাড দেওয়ার? ব্লাডগ্রুপ আর লোকেশন টা যদি একটু বলতেন..... 🙏,,,
3332,False,1,1,request,certain,AB+ blood needed emergency at Ad-din.,tbn,telegram,Moghbazar Ad-din hostipal a emergency ak rugir jonno Ab+ blood lagbe.,,,
3334,False,1,1,request,certain,Two bags O+ needed for two patients today.,bn,facebook,দুইজন আলাদা আলাদা রোগীর জন্য আজ বেলা ১১ টার দিকে দুই ব্যাগ O+ পজেটিভ ব্লাড লাগবে । আগ্রহী রক্তদাতা এগিয়ে আসুন । <PHONE>,,,
3340,False,0,0,not_request,certain,Election news; unrelated.,bn,banglanmt,মনোনয়নপত্র দাখিলের শেষ তারিখ ১১ ফেব্রুয়ারি।,,,
3343,False,1,1,request,certain,Two bags B+ blood needed for operation with contact.,tbn,facebook,B+ tv 2 bag rokto lagbe operation ar jonno Kal sokal a sahid ziaur Rahman medical hospital a..... <PHONE>,,,
3346,False,0,0,not_request,certain,Medical conditions list.,bn,banglatlit,"আমাশয়, অতিরিক্ত সাদাস্রাব, জ্বরায়ুতে প্রদাহ বা ইনফেকশন, লিভার অ্যাবসেস এ্যানোরবিক ইনফেকশন বা শরীরের ভিতরের প্রদাহ যা অক্সিজেন ছাড়াই সংগঠিত হয়।",,,
3350,False,0,0,not_request,certain,Cricket news.,en,ebdr-twitter,RT @LivePtvSport: Pakistan Under-19s vs England-Under19s - 1st Semi Final: Via @LivePtvSport ENG-U19s Won The Toss And Chose To Bat First. …,,,
3352,False,0,0,not_request,certain,Custom ROM network problem.,bn,banglatlit,ইউজার ভাইয়া একটা প্রবলেম হইসে ….. এই কাস্টম রম ইনস্টল দেয়ার পর … নেটওয়ার্ক সার্চিং হয় ..নেটওয়ার্ক আসে না ..প্লিস হেল্প মি ….আমি কি করতে পারি …বলে দেন ….,,,
3354,False,1,1,request,certain,Retweet of urgent B- blood appeal for infant.,en,ebdr-twitter,RT @shazyhaq: Urgently B- Blood Needed For 7 day Old Child In Islamabad. We Give Him/Her Money For Blood. Just 300ml Required. Please Cont…,,,
3355,False,0,0,not_request,certain,Unrelated retweet mentioning True Blood.,en,ebdr-twitter,RT @idoIairport: e’dawn ✭ pentagon → © true blood https://t.co/2nR0Dd7fz7,,,
3358,False,0,0,not_request,certain,News about politician hospitalized.,en,banglanmt,BNP Chairperson Khaleda Zia has been taken to Bangabandhu Sheikh Mujib Medical University (BSMMU) Hospital in the capital.,,,
3363,False,1,1,request,certain,Retweet of urgent platelet request for friend's mother,en,ebdr-twitter,RT @Youhu_Tarazu: @BloodDonorsIn Urgently required platlets. A+ n A- blood group people. as my friend's mother is hospitalized in medanta (…,,,
3364,False,1,1,request,certain,1 bag AB+ blood needed today for operation patient.,bn,facebook,"""ঢাকার শাহবাগে"" AB+ রক্ত দরকারঃ অপারেশনের রোগিদের জন্য যত তাড়াতাড়ি সম্ভব আজ [<PHONE>] ১ব্যাগ ""এবি পজেটিভ"" রক্ত দরকার। স্থানঃA.M Digicon technologies Ltd (Shahbagh) যোগাযোগঃ<PHONE>",,,
3386,False,0,0,not_request,certain,"Asks prayers, no blood request.",en,ebdr-twitter,Need prayers for my sister. She's admitted to the hospital.,,,
3390,False,1,1,not_request,likely,"Motivation and call to register as donors, no specific patient.",bn,facebook,"তুচ্ছ নয় রক্তদান বাচাতে একটি প্রাণ। রক্তদান অনেক মহৎ একটা কাজ। আপনারা যারা স্ব-ইচ্ছায় রক্তদান করতে ইচ্ছুক তারা কমেন্টস এ নিজেদের #নাম_নাম্বার_ব্লাডগ্রুপ_লোকেশন দিতে পারেন। মনে রাখবেন, রক্তদানের মতো মহৎ কাজ খুব কম আছে💗",,,
3396,False,0,0,request,likely,"Says family still needs blood, asks for help.",en,ebdr-twitter,RT @SuritiC: They still bed blood. Please help if you can. Family is from Bihar and they don't know people in Delhi https://t.co/hrANgNijOI,,,
3400,False,0,0,not_request,likely,"General call for ready donors, no specific patient.",bn,facebook,আগামীকাল ২০২৫ সালের প্রথম দিন উপলক্ষে মুমূর্ষু রোগীকে 🩸রক্ত🩸 দিতে প্রস্তুত থাকলে সাড়া দিন। রোগী দিতে চেষ্টা করবো ইন শা আল্লাহ্ অগ্রীম নতুন বছরের শুভেচ্ছা রইলো💐,,,
3403,False,0,0,not_request,certain,Copy-pasted moral story about past blood need,bn,facebook,"বিয়েতে মেয়ের বাড়িতে বরযাত্রী নিয়ে গেলাম ২৪৬ জন।মেয়ের বাবা আড়ালে ডেকে বললেন "" বাবা,তোমাদের না ১০০ বরযাত্রী আনার কথা ছিলো? "" বললাম "" বাবা আমি পরিবারের ছোট ছেলে।সবার শখ বিয়েতে আসবে।কিকরে না বলি বলুন তো? "" "" সে নাহয় ঠিক আছে।আগে থেকে বললে ভালো হতো।এখন ওদেরকে একটু বলে দাও খাবারে সামান্য দেরী হবে।সবার আয়োজন করে একসাথে খেতে দিবো "" "" বাবা আপনি টেনশন করবেন না।আমি বলে দিবো "" বিয়েতে আত্মীয়-স্বজন বন্ধুবান্ধব কাউকে আনা বাদ রাখিনি।সবাই তো কাছের মানুষ, কাকে রেখে কাকে বাদ দেই! বিয়ে হয়ে গেলো।বছর ফিরতে স্ত্রীর ডে""লিভা""রি।হসপিটালে আমার রুদ্ধশ্বাস! এ নে""গেটিভ র""ক্তের অভাব।আত্নীয়-স্বজন অনেকের সাথে র""ক্ত মিলে যায়,তারা বাহানা দিয়ে এড়িয়ে গেলো। রিক্সায় উঠে রওনা হলাম কলেজ গুলোর উদ্দেশ্য।সেখানে র""ক্ত জোগাড় করার সেচ্চাসেবী কমিটির ছেলেমেয়েরা থাকে।ওদের বললে যদি কোনো উপায় হয়! আমার ছটফটানি দেখে রিক্সাওয়ালা মামা বললো "" মামা এতো ঘাবড়াইছেন কেন? কার কি হইছে? "" "" র""ক্ত লাগবে।জোগাড় হয়নি, স্ত্রীর ডে""লিভা""রি "" "" কি র""ক্ত লাগবো? "" "" এ নে""গেটিভ "" "" মামা আমার তো এই র""ক্ত। আমার কাছে র""ক্ত নিবেন? "" শেষমেশ রিকশাওয়ালা মামার র""ক্ত দিয়েই স্ত্রীর ডে""লিভা""রি হলো।মাথায় হাত রেখে দীর্ঘশ্বাস ফেলে ভাবলাম, বিয়েতে গোষ্ঠীবদ্ধ হয়ে কাদের নিয়ে গিয়ে খাওয়ালাম?কাদের আপন ভাবতাম?এই বিপদের দিনে আমি একা! কেউ নাই। রিকশাওয়ালা মামার নাম্বার নিয়ে রাখলাম।বাড়িতে ভালোমন্দ রান্না হলে তাকে ডেকে খাওয়াই।সে আপনজন "" #copypost গল্প #অনুধাবন",,,
3407,False,0,0,not_request,certain,Phone reset comment.,bn,banglatlit,এই ফ্যাক্টরি সেই ফ্যাক্টরি না – ফোন অফ করে রিকভারি মোডে গিয়ে ফ্যাক্টরি/হার্ড রিসেট – আর এই যুগে এখন প্রায় সবাই হার্ড রিসেট দিতে পারে – তাই এই যুগে আপনার পোস্টের ভ্যালু খুবই কম 🙁,,,
3412,False,0,0,not_request,certain,Tech forum reply.,bn,banglatlit,"User এ বিষয় এ ট্রিকবিডি তে অনেক পোস্ট আছে,টাইটেল হলো ফ্রি ### ইউশা নাম্বার। যা অ্যপ্স বা বিভিন্ন সাইট এর মাধ্যমে নিতে পারেন এ জন্য আপনি ট্রিকবিডি তে দেওয়া পোস্ট ফলো করতে পারেন।ধন্যবাদ",,,
3416,False,0,0,not_request,likely,"Recruiting active donors for group, no specific patient.",bn,facebook,আমাদের কিছু একটিভ ব্লাড ডোনার প্রয়োজন আগ্রহীরা ইনবক্স অথবা কমেন্টে নিজস্ব ফোন নাম্বার ও ব্লাড গ্রুপ লিখে দিন বিঃদ্রঃআগ্রহীদের ঠিকাণা অবশ্যই জানাতে হবে,,,
3427,False,0,0,not_request,certain,Forum etiquette post,bn,banglatlit,"সবাই ট্রেইনার ভাইদের পোস্ট এ ভালো ভালো কমেন্ট করবেন। যাতে তারা পরবর্তীতে ভালো পোস্ট করতে আগ্রহী হয়। আর পোস্ট ভালো না লাগলে অথর ভাইদের গালি দিবেন না। ব্ররগ তাদের বলবেন। ভাই পোস্ট টা ডিলিট করেন। ট্রেইনার ভাই অবশ্যই পোস্ট ডিলিট করবে। সবার কাছে এটাই আশা করি,,",,,
3431,False,1,1,not_request,likely,"Asks who is ready to donate, no specific patient.",bn,facebook,রক্তদানে কে কে প্রস্তুত আছেন ??দেখতে চাই মানবতার ভাই বোনদের,,,
3441,False,0,0,not_request,certain,Donation motivation.,bn,facebook,"আসলে রক্ত দানের সাথে কোন দানের তুলনা হয় না, এর বিনিময় মূল্য দুনিয়ার কোন কিছু দিয়ে হিসাব করা যাবে না! আপনি যদি রক্ত দানের জন্য শারিরীক ভাবে ফিট থাকেন তাহলে অবশ্যই ডোনেট করুন। রক্তজনিত অসুস্থতায় আক্রান্ত মানুষগুলোর চাহনি আপনাকে আবেগাপ্লুত করে তুলবে; বছরে অন্তত ৩ বার ব্লাড দিন। Birampur Blood Bank",,,
3446,False,1,1,request,certain,A- blood needed for thalassemia patient,bn,facebook,আগামীকাল সকালে বিরামপুর মডার্ন ক্লিনিকে থ্যালাসেমিয়া রোগীর জন্য এক ব্যাগ A- রক্ত প্রয়োজন। আগ্রহী রক্ত দাতাকে কমেন্ট করার জন্য অনুরোধ করছি।,,,
3468,False,0,0,not_request,certain,Religious marriage advice.,bn,banglatlit,"এটাও খারাপ, তাই যত তাড়াতাড়ি সম্ভব বিয়ে করে ফেলুন, আল্লাহ বলেছেন, অবশ্যই আল্লাহ সবুরকারীদের সাথে আছেন, এখন আমার আপনার কাজ হলো ধৈর্য ধরে দোয়া করতে থাকা , এবং সচ্ছলতার জন্য দোয়া এবং চেষ্টা করা, ইনশাল্লাহ খুব সহজেই আল্লাহ রাস্তা খুলে দেবেন",,,
3484,False,0,0,not_request,certain,Crypto transfer help.,bn,banglatlit,আমার ব্লকচেইন এ কিছু ডলার আসে আমি ওগুলা কয়েনবেস এ ট্রান্সফার করতে গেলে প্রাইভেট কি চাচ্ছে . আমি আমার প্রাইভেট কি জানিনা .. কেউ কি আমার ব্যালান্স ট্রান্সফার করতে হেল্প করতে পারবেন ?? প্লিজ ভেরি আর্জেন্ট …,,,
3485,False,1,1,request,certain,B+ve required urgently in Faisalabad.,en,ebdr-twitter,#Pakistan #Faislabad B+ve required urgently. It's an emergency case. Contact: <PHONE>,,,
3494,False,0,0,not_request,certain,Cat sanctuary adoption appeal.,en,ebdr-twitter,RT @_jayne79: 💥 WILDLIFE FREEDOM FOUNDATION CAT SANCTUARY 💥The Sanctuary is located on ROOSEVELT ISLAND.. Please ADOPT - SPONSOR - or give…,,,
3495,False,0,0,not_request,certain,Game clan invitation.,bn,banglatlit,ক্ল্যাশ অফ ক্লান এর জন্য আওয়ার বাংলাদেশ এই নাম দিয়ে আমি একটি ক্লান তৈরী করসি .সবাই এতে জয়েন করুন .কারণ এটা বাংলাদেশী ক্লান .আওয়ার বাংলাদেশ লিখে এখানে সার্চ করুন আর জয়েন হন .,,,
3498,False,1,1,request,certain,B- blood needed for C-section patient in Comilla.,bn,facebook,"একটি মানবিক আবেদন। জরুরি রক্তের প্রয়োজন। রোগীর সমস্যাঃ সিজারের রোগী রক্তের গ্রুপঃ বি নেগটিভ রক্তের পরিমাণঃ ১ ব্যাগ রক্তদানের সময়ঃ ১৫ তারিখ যে কোনো সময় 🏨রক্তদানের স্থান :আল নুর হসপিটাল , ফায়ার সার্ভিস রোড,কুমিল্লা। 📱যোগাযোগঃ শাহালম হাওলাদার <PHONE>",,,
3502,False,0,0,request,likely,Urdu appeal urging people to donate blood at hospitals immediately.,en,ebdr-twitter,RT @RiqMahmood: زندہ دلان لاھور فوری طور پہ خون کے عطیات کے لیے جناح ھسپتال اور جنرل ھسپتال رجوع کریں لیکن ترتیب نظم اور امن کے ساتھ.@IBDPk…,,,
3521,False,0,0,not_request,certain,News about dengue death.,bn,banglanmt,শুক্রবার বেলা সাড়ে ১১টার দিকে বরিশাল শের-ই বাংলা মেডিক্যাল কলেজ হাসপাতালে ডেঙ্গু জ্বরে আক্রান্ত হয়ে চিকিৎসারত অবস্থায় তিনি মারা যান।,,,
3527,False,1,1,not_request,likely,"Fun post collecting donor details, no specific patient.",bn,facebook,"জরুরী মুহূর্তে রক্তের প্রয়োজনে আপনার রক্তের গ্রুপ এর সাথে মিল রেখে দুজন রক্তদাতাদের নাম্বার সেইভ করে রাখুন 😘 জরুরী মুহূর্তে রক্তের প্রয়োজনে আপনার রক্তের গ্রুপ এর সাথে মিল রেখে দুজন রক্তদাতাদের নাম্বার সেইভ করে রাখুন 😘 জরুরী মুহূর্তে রক্তের প্রয়োজনে আপনার রক্তের গ্রুপ এর সাথে মিল রেখে দুজন রক্তদাতাদের নাম্বার সেইভ করে রাখুন 😘 মিথ্যা বলা নিষেধ আপনার রক্তের গ্রুপ কি ??? A+ = স্টাইলিস A- = সাহসী B+ =কিউটের ডিব্বা B- =লাজুক AB+ =মিষ্টি AB- =অসাধারণ O+ =রাগী O- =অস্থির # বিঃদ্র- আমারটা B+, ঢাকা।আর আপনার? রক্তের গ্রুপ,লোকেশন আর মোবাইল নাম্বার সহ কমেন্ট করুন প্লিজ।আমি একজন স্বেচ্ছাসেবী, মুমূর্ষু রোগীদের রক্তদাতা ম্যানেজ করে দেই সকল জেলাতে 🙂 আপনার আশেপাশে মুমূর্ষু রোগীদের রক্তের প্রয়োজনে আপনাদের সাথে যোগাযোগ করা হবে ❤",,,
3531,False,1,1,request,certain,B+ blood urgently needed at BIRDEM with contact.,bn,telegram,"০১ জন মুমূর্ষু রোগীর জন্য জরুরি ভিত্তিতে ""বি-পজিটিভ"" রক্তের প্রয়োজন। রক্তের গ্রুপ: বি-পজিটিভ (সরাসরি ডোনার যোগাযোগ করবেন, কোন মাধ্যম কেউ না)। রোগী বর্তমানে ভর্তি আছে: বার্ডেম হসপিটাল, ক্যাবিন নম্বর: ১১০৫ (লিপ্ট এর-১১), শাহবাগ মোড়, ঢাকা। মোবাইল: <PHONE>.",,,
3553,False,0,0,not_request,certain,COVID death count discussion.,bn,banglatlit,গভর্নমেন্ট নিউজ মানে এরা আর ও কম করে দেখাইতেসে...কতো মানুষ আসে মইরা যাইতেসে গভর্নমেন্ট তো সব নিউজ জানেনা যেমন প্রত্যন্ত গ্রাম গঞ্জে....আপনি বলতে পারেন এর থেকে বেশি হইতে পারে কিন্তু আপনি তো দেখি উল্টা বলতেসেন...আমার এক দাদা(আব্বুর মামা) মারা গেল কিছুদিন আগে করোনায়...এখন বলেন এইতাও মিথ্যা?,,,
3556,False,0,0,not_request,certain,Report of awareness session.,bn,curated-adversarial,কলেজের স্বাস্থ্য ক্লাব রক্তের গ্রুপ জানার গুরুত্ব নিয়ে একটি সেশন আয়োজন করেছিল।,,,
3559,False,0,0,not_request,likely,Collecting donor info for future patients,bn,facebook,"রক্তদানের ডাক- মানুষের মধ্যে ছড়িয়ে দিবো, অসহায় রোগীদের- মুখে হাসি ফুটাবো”✌✌ ব্লাড গ্রুপ লোকেশন ও ফোন নাম্বার দিন। রুগি পেলে ফোন দিব।",,,
3560,False,0,0,not_request,likely,"Announcement of service plan, no specific patient",bn,facebook,আসসালামু আলাইকুম । আমরা প্রাথমিক পর্যায়ে খুলনা জেলা শহরে রক্ত ও প্লাজমা দেওয়ার ব্যাবস্হা করবো। ইনশাআল্লাহ,,,
3561,False,0,0,not_request,certain,Biographical scientific text.,bn,banglatlit,ড্রেক ন্যাশনাল একাডেমি অফ সায়েন্সেস-এর একজন সদস্য এবং একসময় (১৯৮৯-৯২) তিনি এর ন্যাশনাল রিসার্চ কাউন্সিলের অন্তর্গত পদার্থ ও জ্যোতির্বিজ্ঞান বোর্ডের প্রধান ছিলেন।,,,
3571,False,0,0,not_request,certain,Report of fans donating blood.,en,ebdr-twitter,RT @SuriyaFansClub: • Jul 23 2016 : 20K Suriya Fans In TN Donated Their Blood Record In TN For An Actor Bday • Jul 23 2017 : 2k Suriya…,,,
3572,False,1,1,request,certain,2 bags A+ needed at PG hospital.,bn,facebook,"রক্ত দিয়ে জীবন বাচাঁন , না পারলেও অন্তত শেয়ার করে ছড়িয়ে দিন। ------------------------- ""ঢাকার শাহবাগে"" এক বাবার কিডনির ইনফেকশন এবং রক্তে হিমোগ্লোবিন কমে যাওয়ায় ২২/৮/১৫ সকাল ১২ টার মধ্যে ২ ব্যাগ A+(ve) রক্তের প্রয়োজন . . . . . . . . . . . . . . . . . . . . . . . . . রক্ত দিতে না পারলে ও #কপি #পেস্ট #শেয়ার করে রক্তদাতা পেতে সাহায্য করুন। . . . . . . . . . . . . . . . . . . . . . . . . . স্থানঃ পিজি হসপিটাল ব্লকঃ ডি, CCU, বেডঃ ১৪,(২য় তলা) ফোনঃ <PHONE> (রোগির ছেলে)",,,
3576,False,1,1,request,certain,A+ and AB+ bags needed today in Birampur.,bn,facebook,আজকে বিরামপুরে এক ব্যাগ A+ এবং এক ব্যাগ AB+ রক্ত প্রয়োজন। কেউ দিতে পারলে জানাবেন প্লিজ!,,,
3590,False,0,0,not_request,certain,Malay joke about clinic vitamins.,en,ebdr-twitter,Dulu kalau pergi klinik mesti berharap dapat vitamin dari doctor 😂,,,
3611,False,1,1,request,certain,Urgent O+ bag needed for ICU patient.,bn,facebook,জরুরি ভিত্তিতে এক ব্যাগ O +ve ব্লাড দরকার। কুমিল্লা মডার্ণ হাস্পাতাল। আগামী দুই ঘন্টার মধ্যে। রোগী আইসিইউতে আছে। যোগাযোগ :<PHONE>,,,
3617,False,0,0,not_request,certain,Accident news.,bn,banglanmt,সকাল ১১টার দিকে গাজীপুর সিটি করপোরেশনের রাজেন্দ্রপুরে ঢাকা- ময়মনসিংহ মহাসড়কে এ দুর্ঘটনা ঘটে।,,,
3620,False,0,0,not_request,likely,Reply asking to confirm a mobile number; not itself an appeal.,en,ebdr-twitter,@shubhtoshubh Please confirm the mobile number. Thanks!! #BloodMatters,,,
3622,False,0,0,not_request,certain,Offer: donors ready if anyone needs blood.,bn,facebook,ঈদ মোবারক। রক্ত লাগলে বলিয়েন। অনেক রক্তদাতা প্রস্তুত আছে।,,,
3625,False,1,1,request,certain,Retweet: platelets urgently required for friend's mother.,en,ebdr-twitter,RT @Youhu_Tarazu: @BloodDonorsIn Urgently required platlets. A+ n A- blood group people. as my friend's mother is hospitalized in medanta (…,,,
3645,False,1,1,request,certain,"Emergency AB- blood for pregnant mother, contact given.",tbn,facebook,(AB-) NEGATIVE BLOOD KUB EMERGENCY AKTI SHISHU GORVO OBSTAY ASE MA KE BLOOD NA DILE SHISHU MARA JETE PARE JUGAJUG =<PHONE>,,,
3647,False,1,1,request,certain,"Urgent A+ blood for operation, location and contact.",en,facebook,"Urgent A+'ve' blood needed for an emergency operation patient by today at 6 pm. Location: CKD Hospital, Shymoli. Contact: Mizanur Rahman- <PHONE> Those who are eager to donate kindly help the patient. Thank you .",,,
3648,False,0,0,not_request,certain,Medical camp felicitation news.,en,ebdr-twitter,"RT @NajmaFatmaINC: Felicitation of Doctor's At Ambedkar Nagar, Cuffe Parade Medical Check up Camp by Shri @BhaiJagtap1 MLC under supervisi…",,,
3650,False,1,1,request,likely,Structured request form: O- 2 bags for thalassemia patient.,bn,telegram,"রোগীর সমস্যাঃ থ্যালাসেমিয়া 🔴রক্তের গ্রুপঃ O- 💉রক্তের পরিমাণঃ ২ব্যাগ 🌡হিমোগ্লোবিন:৬ 📆রক্তদানের তারিখঃ৩১-০৭-২৪ 🏥রক্তদানের স্থানঃএভারকেয়ার হাসপাতাল, ঢাকা ☎যোগাযোগ:<PHONE>",,,
3652,False,0,0,not_request,certain,Crypto coin advice.,bn,banglatlit,আপনি নিউ কয়েন ট্রাই করতে পারেন যাদের প্রাইস এখন কম….যেমন ডোজে আগে পার ক্লেইম এ ১০+ দিতো এখন. ১-.৫ এই রকম দেয়…নিউ কয়েন এ আর্ন করে জমা রাখেন ওইটা বেস্ট,,,
3669,False,0,0,not_request,certain,Job ad,en,ebdr-twitter,"We're #hiring! Click to apply: Surgical Technician - https://t.co/dgaRyTjPpx #Healthcare #SanFrancisco, CA #Job #Jobs #CareerArc",,,
3680,False,1,1,request,certain,Emergency B+ blood need today with contact number.,bn,facebook,"ইমারজেনছি রক্তের প্রজন, আজ, রক্তের গ্রুপ বি-পজেটিভ, <PHONE>",,,
3682,False,0,0,not_request,certain,Statement about patient support group.,bn,curated-adversarial,রোগী সহায়তা গ্রুপ সুস্থতা এবং আশার গল্প শেয়ার করেছে।,,,
3698,False,0,0,not_request,certain,Road accident news.,bn,banglanmt,রাজধানীর কারওয়ান বাজার এলাকায় সড়ক দুর্ঘটনায় ইসমাইল হোসেন (২৭) নামে একজন মারা গেছেন।,,,
3706,False,0,0,not_request,certain,Awareness about regular donation.,bn,facebook,"নিয়মিত রক্তদান করা একটি ভালো অভ্যাস। রক্তদান করা কোনো দুঃসাহসিক বা স্বাস্থ্যঝুঁকির কাজ নয়। বরং এর জন্য একটি সুন্দর মন থাকাই যথেষ্ট। রক্তদাতার শরীরের কোনো ক্ষতি তো হয়ই না, বরং নিয়মিত রক্তদান করলে বেশ কিছু উপকারও পাওয়া যায়।💗",,,
3712,False,1,1,request,certain,2 bags A+ needed for operation at Comilla Midland.,bn,facebook,"রোগীর অবস্থা আশংকা জনক 😢 #_এ_পজিটিভ রক্তদাতারা এগিয়ে আসুন। ""কুমিল্লা মিডল্যান্ড হাসপাতালে"" এক বোনের পেটে বাচ্চা নষ্ট হয়ে যাওয়ায় অপারেশনের জন্য আজ বিকেল ৫টার মধ্যে জরুরী ভিত্তিতে ২_ব্যাগ (A+ve) #_এ_পজিটিভ রক্তের প্রয়োজন। কেবিন- ২০৪, ২য় তলা রোগীর স্বামী - <PHONE> (জামাল)",,,
3713,False,1,1,request,certain,Urgent 3 O+ donors at hospital today.,en,ebdr-twitter,"URGENT 3 O+ve donors today at Bed no.3, Room 122, Ward B, Holy Spirit Hospital, Andheri East. Contact Aslam Shaikh... http://fb.me/CYSC4XNK",,,
3717,False,1,1,request,likely,Asks support: needs A- blood tomorrow.,en,facebook,"all need support for emergencies tomorrow, Need A- blood in this address tomorrow",,,
3721,False,0,0,not_request,certain,Literary text.,bn,banglatlit,কাহিনীর প্রয়োজনে ঋজুদার পুরনো বন্ধু অথবা স্থানীয় পরিচিতজনদের কথা উল্লেখ থাকলেও ঋজুদা এবং রুদ্রের বাইরে সিরিজের আরও দুটি গুরুত্বপূর্ণ চরিত্র রয়েছে।,,,
3722,False,0,0,not_request,certain,Physiotherapist job ad.,en,ebdr-twitter,Urgently required male and female physiotherapist in a homecare clinic in hawally.Those who are interested contact… https://t.co/5qiQ04stPf,,,
3725,False,1,1,request,certain,"AB+ blood needed in Rangpur, contact given.",tbn,telegram,#help Rangpur e AB+ blood lagbe kaw jodi Rangpur kaw take taken plz <PHONE> call din ba apnader number dia shojogita korun plz,,,
3730,False,1,1,request,certain,Two bags O+ needed at Shaheed Zia Medical.,bn,facebook,আসসালামু আলাইকুম। আমার O(+) দুই ব্যাগ রক্ত লাগে। কেউ যদি নিজ ইচ্ছায় রক্ত দিতে চান আমাকে জানাবেন।। স্থান: শহীদ জিয়া মেডিকেল । যোগাযোগ:<PHONE>,,,
3733,False,1,1,request,certain,Retweet: platelets urgently required for friend's mother.,en,ebdr-twitter,RT @Youhu_Tarazu: @BloodDonorsIn Urgently required platlets. A+ n A- blood group people. as my friend's mother is hospitalized in medanta (…,,,
3739,False,1,1,request,certain,A+ one bag for thalassemia patient.,bn,facebook,😰রোগীর সমস্যা👉: থ্যালাসেমিয়া। 📍রক্তের গ্রুপ👉: এ পজিটিভ 💉রক্তের পরিমাণ👉:১ ব্যাগ 💮 হিমোগ্লোবিন👉: ৭.০ 📆রক্তদানের তারিখ👉২৩/০৬/২০২৩ রোজঃ শুক্রবার। ⌚রক্তদানের সময়👉: সকাল ১০-১ টার মধ্যে 🏥রক্তদানের স্থান👉 রাজশাহী প্রাইভেট ব্লাড ব্যাংক। ☎যোগাযোগ👉: <PHONE>. বিঃদ্রঃ- নিজে না দিতে পারলে কপি শেয়ার করে মানবতার কাজে সাহায্য করেন।,,,
3743,False,1,1,request,certain,B+ blood needed in Bogura for critical patient.,bn,facebook,জরুরি ভিওিতে একজন মুমূর্ষু রোগীর জন্য কাল সকালের ভিতর বগুড়ায় এক ব্যাগ বি পজেটিভ ব্লাড প্রয়োজন।কেউ দিতে পারলে দ্রুত জানানোর জন্য বলা হল। মোবা:<PHONE>,,,
3745,False,1,1,request,certain,10 bags AB+ needed for shot student at CMH.,en,telegram,"URGENT BLOOD NEEDED One of my students' friend has been shot and is currently admitted in ICU, Dhaka CMH. He needs 10 bags of AB positive blood as soon as possible. Please can anyone help immediately. If you live nearby or can get to CMH, please call me or Ashraful (my student who is currently at CMH with his friend) Ashraful : <PHONE>",,,
3755,False,1,1,request,certain,AB- blood needed for shot patient in Uttara.,en,telegram,"BLOOD NEEDED ‼️‼️‼️ AB negative Blood needed for a patient now located in Uttara 11,Mansur Ali Medical College. She got shot in the chaos that took place in sector 11 Uttara today. (August)",,,
3761,False,1,1,request,certain,One bag A+ needed for anemia patient.,bn,facebook,আগামীকাল সকালে বিরামপুর ইমার উদ্দীন কমিউনিটি হাসপাতালে রক্ত স্বল্পতা রোগীর জন্য এক ব্যাগ A+ রক্ত প্রয়োজন। আগ্রহী রক্ত দাতাকে কমেন্ট করার জন্য অনুরোধ করছি।,,,
3778,False,0,0,not_request,likely,Garbled text mentioning blood bank; no request.,en,ebdr-twitter,.: Blood Bank⡠݀․ ᵉˢᵗᵃᵈᵒ⠘ᶠⁱⁿᵃˡⁱᶻᵃᵈᵒ ᶜᵃᵖⁱᵗᵘˡᵒˢ⠘⁶¹ ˢᵐᵘᵗ https://t.co/hfXRumMsrC,,,
3782,False,0,0,not_request,certain,Info about donation procedures.,en,curated-adversarial,Please call the hospital for information about blood donation procedures.,,,
3784,False,0,0,not_request,certain,Report of medical and blood donation camp.,en,ebdr-twitter,RT @Nimmichopra77: #FreeMonthlyCheckupCamps A Free General Medical Camp and Blood Donation Camp were organized at Shah Satnam Ji Dham prem…,,,
3786,False,1,1,request,certain,B- blood needed for newborn,en,ebdr-twitter,RT @shazyhaq: Urgently B- Blood Needed For 7 day Old Child In Islamabad. We Give Him/Her Money For Blood. Just 300ml Required. Please Cont…,,,
3795,False,0,0,not_request,certain,Statement about reading article.,bn,curated-adversarial,আমি মেডিকেল জরুরি কার্যাবলীতে রক্তের গ্রুপের গুরুত্ব সম্পর্কে একটি নিবন্ধ পড়েছি।,,,
3822,False,1,1,request,certain,O+ blood needed for tumor operation tomorrow.,bn,facebook,একজন টিউমার ক্যান্সার অপারেশন রোগের এর জন্য ও পজেটিভ রক্তের প্রয়োজন আগামীকাল সকাল 11 টায় ও পজেটিভ রক্তের প্রয়োজন স্থান সাভার হেমায়েতপুর জামাল ক্লিনিক <PHONE>,,,
3829,False,1,1,request,certain,AB- blood needed for pregnant wife.,en,facebook,i need (AB-) AB negative for my wife she is pregnant.Possible child birth date 26 jan 2015. Mob <PHONE>,,,
3831,False,0,0,not_request,likely,"Awareness post collecting willing donors' info, no patient.",bn,facebook,(আপনি রক্ত দিতে ভয় পান) বলব না একজন মা মারা যাচ্ছে রক্ত দিন! শুধু বলবো ব্লাড গ্রুপটা চ্যাক করে রাখুন! যে মা মৃত্যু যন্ত্রনাকে ভয় না পেয়ে আপনাকে জন্ম দিয়েছিলো। সেই মায়ের জন্য যদি কখনও রক্ত লাগে তখন কি করবেন? আমার রক্তের গ্রুপ (🅱️➕) পজেটিভ. আপনার রক্তের গ্রুপ জানা থাকলে বলতে পারেন? ব্লাড দিতে ইচ্ছুক হলে সাথে লোকেশন আর নাম্বারটা দিয়ে দিয়েন নাম্বার দিতে সমস্যা হলে ইনবক্সে নাম্বার দিয়ে দিতে পারেন..! করিবো রক্তদান আমার রক্তের উছিলায় বাঁচুক মুমূর্ষু রুগীর প্রাণ 🌸,,,
3834,False,1,1,request,certain,AB+ needed for dengue-affected brother,bn,facebook,আমার ভাই এর জন্য এবি+ রক্তের গ্রুপের প্রয়োজন। ডেঙ্গু আক্রান্ত। কেউ থাকলে জানাবেন। ধন্যবাদ রোগী -চট্রগ্রামে,,,
3841,False,0,0,not_request,certain,Mixed blood joke.,en,ebdr-twitter,RT @MiikoThe13th: Eh u mixed blood ah?! http://t.co/XmVQVUo6xa,,,
3851,False,0,0,not_request,certain,Japanese blood-type personality ranking.,en,ebdr-twitter,嫉妬しやすい血液型ランキング 1位 A型 記憶力が言いぶん根に持つ 2位 AB型 自分の利害関係が絡むと根が深くなる 3位 B型 忘れることが多い 4位 O型 細かいことは気にしないしすぐ忘れる,,,
3853,False,0,0,not_request,certain,Football squad news.,bn,banglanmt,কাতারের বিপক্ষে বাংলাদেশের ২৬ জনের প্রাথমিক দল ঘোষণা,,,
3884,False,0,0,not_request,certain,Report of awareness booth.,bn,curated-adversarial,হাসপাতালের বার্ষিক স্বাস্থ্য মেলায় রক্তদানের সচেতনতা নিয়ে একটি বুথ ছিল।,,,
3889,False,0,0,not_request,certain,"Request closed, thanks",en,ebdr-twitter,@BloodAid @khushsundar @SrivatsaVema @BLEED2SAVE Request closed tqs for ur support,,,
3895,False,0,0,not_request,certain,Ration/money giveaway scam-like post.,en,facebook,"10 کلو چاول 5 کلو چنا 5 کلو چینی 5 کلو لوبیا 5 کلو تیل 5 کلو آٹا ساتھ میں 25,000روپے جلدی سے نیچے wahtsApp number par call karo(<PHONE>",,,
3921,False,0,0,not_request,certain,Announcement of donation program.,bn,curated-adversarial,রক্তদান সেম্পর্কের কার্যক্রম আগামীকাল অনুষ্ঠিত হবে।,,,
3926,False,0,0,not_request,certain,Japanese blood-type trivia,en,ebdr-twitter,リーダー・社長に多い血液型ランキング 1位 O型 2位 A型 3位 B型 4位 AB型 リーダーシップは調和能力が高いとされる O型が非常に強く持っている模様,,,
3934,False,1,1,request,certain,Urgent 2 bottles A- needed in Lahore.,en,ebdr-twitter,RT @BloodEmergency: Urgent Call for Blood in Lahore: 2 bottles of A -ve needed. Donors please contact Anees at <PHONE>. https://t.co/K…,,,
3972,False,1,1,not_request,likely,"Reply saying already shared, no appeal content.",en,ebdr-twitter,@imnarsa @bhogleharsha Already shared this at https://t.co/jNDESQHb3F Thanks!! #BloodMatters,,,
3976,False,1,1,request,certain,1 bag A- blood needed today for anemic mother.,bn,facebook,"হিমোগ্লোবিন কমে যাওয়ায় রক্তস্বল্পতায় এক মায়ের জন্য আজকেই ১ব্যাগ #এ_নেগেটিভ রক্তের প্রয়োজন। আপনি রক্ত না দিতে পারলেও পোস্টটি কপি, শেয়ার করুন, যাতে অন্য কেউ এগিয়ে আসে। রক্তদাতা পাওয়া গেলে রুগীকে চৌদ্দগ্রামে যেকোনো হাসপাতালে ভর্তি করা হবে। যোগাযোগ -<PHONE> ( রাকিব)",,,
3979,False,1,1,request,certain,Retweet: urgent platelets needed for hospitalized mother.,en,ebdr-twitter,RT @Youhu_Tarazu: @BloodDonorsIn Urgently required platlets. A+ n A- blood group people. as my friend's mother is hospitalized in medanta (…,,,
3980,False,0,0,not_request,certain,Credit order tech question.,tbn,banglatlit,sayeed bhai plz help এখন ক্রেডিট নিতে গেলে this order had been added এটা লিখা আসে er kono somadan ache ki?abar noton kore nite hole ki ki korte hobe bolben plz……waiting for your reply ….,,,
3992,False,1,1,request,certain,"Emergency A+ blood at Chittagong Medical, contact.",tbn,facebook,chittagong mdcl a A+ rokto lagtese emergency.. .apner ei 1beg rokto hote pare.akjon mirto potho chari thake bese jete pare..kew jodi thaken tahole plz.ei number a akta call den.<PHONE> jahid 18/01/2019 5.00 pm tar moddhe.,,,
3995,False,1,1,request,certain,O- blood urgently needed for delivery patient in Sylhet.,bn,facebook,জরুরি ভিত্তিতে সিলেট নরথ ইস্ট মেডিক্যাল কলেজে একজন ডেলিভারি রোগীর জন্য (O-) নেগেটিভ রক্তের খুবই প্রয়োজন। কোন দয়াশীল ব্যক্তি থাকলে অবশ্যই দিবেন। <PHONE>,,,
3997,False,1,1,request,certain,Three bags A+ needed for operation,bn,facebook,"খুলনা সদরে এক জরুরী অপারেশনের জন্য ইমার্জেন্সি [a+] এ পজেটিভ তিন ব্যাগ রক্তের প্রয়োজন। রক্ত দিতে না পারলেও শেয়ার করুন, যেন অন্য কেউ এগিয়ে আসতে পারে। আগ্রহী রক্তদাতাগন কমেন্ট করে নাম্বার অথবা মেসেজ দিন। অথবা এই নাম্বারে কল দিন। <PHONE> Or <PHONE> ওয়াল টি ওপেন করে শেয়ার করার সুযোগ করে দিন।",,,
3998,False,1,1,request,certain,2 bags O+ needed for electrocuted child in Comilla.,bn,facebook,"আসসালামু আলাইকুম প্রিয় ভাইয়েরা আশাকরি সবাই ভালো আছো। আমার পরিচিত ভাইয়ের ভাগ্নে, ০৬ বছর বয়সী ভাগ্নীর, বিদ্যুৎ স্পৃষ্ট হয়ে গুরুতর আঘাত প্রাপ্ত হয়ে কুমিল্লার মুন হাসপাতালে চিকিৎসাধীন আছে। জরুরী ভিত্তিতে ০২ (দুই) ব্যাগ O+ রক্তের প্রয়োজন। অনুগ্রহ পূর্বক কেউ সংগ্রহ করে যদি দিতে পারো? চির কৃতজ্ঞ থাকব। প্রত্যেকের মঙ্গল কামনা করছি। এ নাম্বারে যোগাযোগ করলে হবে। <PHONE>।। নাম: সবুজ মিয়া। অনেক উপকৃত হব, যদি কেউ দেন, আজ ১১ তারিখ যত দ্রুত সম্ভব রক্ত লাগতেছে।। যদি পারেন অন্য কারোর মাধ্যমে রক্ত দেওয়ার জন্য বলেন। যদি পারেন অন্য কোন গ্রুপে শেয়ার করে, সাহায্য করার সুযোগ করে দেন।।",,,
4003,False,1,1,request,certain,Urgent A+ blood needed at Birampur.,bn,facebook,বিরামপুর মেডিকেলে জরুরী ভিত্তিতে A+ রক্তের প্রয়োজন। আগামীকাল বা পরশুদিনের মধ্যে লাগবে।রক্ত দাতার কাছে চিরকৃতজ্ঞ থাকবো।,,,
4013,False,1,1,request,certain,"Needs A+ blood badly, asks for donors.",tbn,facebook,I need A+ blood badly.....keu dite parle kindly response korben please,,,
4025,False,0,0,not_request,certain,Forum complaint,bn,banglatlit,কি রে ভাই ট্রেইনার হওয়ার পর তো কোনো টিউন দেখলাম না...অলওয়েজ নিউজ পোস্ট করেন কেন..এটা ট্রিক বিডি নট নিউজ বিডি... রিপোর্ট সেন্ড... আপনি খুব বেশি দিন মনে হয় না ট্রেইনার থাকবেন.. বি কেয়ারফুল .... বেশি পোস্ট না করে ২/১ টা ট্রিক শেয়ার করেন মাথায় কিছু থাকলে..,,,
4028,False,0,0,not_request,certain,Group invitation request.,bn,facebook,গ্রুপ এর সকল মেম্বার দের কাছে Request আপনারা নিজ নিজ close Friend দের Group e Add দেন। Please Do it.,,,
4032,False,0,0,not_request,certain,Report about blood donation camp.,en,ebdr-twitter,RT @Abhishe40367323: NER blood donation camp లో రక్తదానం చేసిన యువతకు ఉద్దేశించి రెడ్ క్రాస్ బ్లడ్ బ్యాంకు మేనేజర్ కామేశ్వరరావు గారు NER గా…,,,
4034,False,0,0,not_request,certain,Eligibility info notice.,bn,curated-adversarial,রক্তদানের যোগ্যতার মানদণ্ড সম্পর্কে আপনার কোন প্রশ্ন থাকলে মেডিকেল টিমকে কল করুন।,,,
4040,False,1,1,request,certain,Appeal for A+ blood for leukemia patient.,en,ebdr-twitter,"Appeal for A+ Blood Lt Idrees, 135 L/C has been diagnosed with Leukemia (Blood Cancer) and admitted in Shiekh Zaid… https://t.co/PCmzM2BPLY",,,
4046,False,1,1,request,certain,A+ blood needed today for heart surgery.,bn,facebook,এক বন্ধুর চাচার জন্য আজ A+ রক্ত লাগবে ঢাকা বারডেম এ। তার হার্ট সার্জারি করতে হবে আজকেই। খুব জরুরি। কেও আছেন????? যোগাযোগঃ মিথুন জামান - <PHONE>,,,
4057,False,1,1,request,certain,"Urgent B+ blood required, contact given.",en,ebdr-twitter,Urgent required B+ve blood ke zaroorat hai jis kesa ka ho plz rabta karain <PHONE> talib Hussaini,,,
4058,False,0,0,not_request,certain,"Statistic fragment, unrelated.",bn,banglanmt,যা আগের বছরের চেয়ে প্রায় ১৫ শতাংশ বেশি।,,,
4069,False,1,1,request,certain,Emergency O- blood needed for sister-in-law.,bn,facebook,আমার ভাবির জন্য ইমারজেন্সি (ও নেগেটিভ) রক্তের প্রয়োজন। আজ ০৩.০৮.২০২৪ ইং রাতের ১০টার ভিতরে লাগবে। স্থান-ব্রাহ্মণপাড়া মাতৃ হসপিটাল।যোগাযোগ-<PHONE>,,,
4073,False,1,1,request,certain,"O- blood needed by 27/28, asks donors to message.",bn,facebook,O- ব্লাড প্রয়োজন ২৭/২৮ তারিখের ভিতরে কেউ দিতে পারলে ইনবক্সে মেসেজ দিয়ে জানিয়ে দিবেন।,,,
4079,False,1,1,request,certain,One bag B+ blood needed at hospital.,bn,telegram,এক ব্যাগ বি পজিটিভ রক্ত লাগবে। পঙ্গু হাসপাতালে।,,,
4082,False,0,0,not_request,certain,Retweet about doctor felicitation and medical camp.,en,ebdr-twitter,"RT @NajmaFatmaINC: Felicitation of Doctor's At Ambedkar Nagar, Cuffe Parade Medical Check up Camp by Shri @BhaiJagtap1 MLC under supervisi…",,,
4083,False,1,1,request,certain,O- 2 bags needed today for operation.,bn,facebook,"এক আপুর জন্য জরুরী রক্ত দরকার 👮রোগীর সমস্যা: অপারেশন 🔴রক্তের গ্রুপ: ও- নেগেটিভ 💉রক্তের পরিমাণ: দুই ব্যাগ 📆রক্তদানের তারিখ: আজ ⌚রক্তদানের সময়: যত দ্রুত সম্ভব 🏥রক্তদানের স্থান: শনিআখরা প্রাইম এড হাসপাতাল ☎যোগাযোগ নং: (<PHONE> ,<PHONE>)",,,
4084,False,0,0,not_request,certain,Army rescue contact list.,bn,facebook,Army Rescue team Contact ১। নোয়াখালী <PHONE>। চাঁদপুর <PHONE>। ফেনী <PHONE>। লক্ষীপুর <PHONE>। কুমিল্লা <PHONE>,,,
4095,False,1,1,request,certain,Blood needed for burn victims,bn,facebook,অগ্নি দুর্ঘটনায় আহত দুই বোনের জন্য রক্ত প্রয়োজন। A+ B+ যোগাযোগঃ শেখ হাসিনা জাতীয় বার্ন ও প্লাস্টিক সার্জারি ইনস্টিটিউট <PHONE>,,,
4106,False,1,1,request,certain,AB- needed for pregnant patient,bn,facebook,"রোগী প্রেগন্যান্ট, বাচ্চা প্রসব যন্ত্রণায় ভুগছেন, কিন্তু রোগীর শরীরে রক্তশূন্যতার কারণে রোগির জরুরী ভিত্তিতে AB- রক্তের প্রয়োজন যদি কোন সহৃদয়বান ব্যক্তি থেকে থাকেন তাহলে দয়া করে রক্ত দানের মাধ্যমে নবজাতক শিশু ও তার মাকে রক্ত প্রদান করে মানবতার এক নতুন দৃষ্টান্ততার রুপ দিয়ে যান। রোগী রাজশাহী মেডিক্যাল কলেজ হস্পিটালে চিকিৎসাধীন অবস্থায় রইয়েছেন। যোগাযোগ ঃ <PHONE> (মিশু) রোগীর আত্বীয়... আপনার রক্ত দানের মাধ্যমে হয়তো বেচে যেতে পারে দুইটো তাজা প্রাণ।",,,
4115,False,1,1,request,certain,Urgent AB+ blood needed for mother at Comilla hospital.,bn,facebook,Comilla Central Medical College Hospital এ জরুরী AB+ রক্ত দরকার আমার মায়ের জন্য,,,
4119,False,1,1,request,certain,One bag B- needed for operation in Sylhet.,bn,facebook,"ডোনার আসবে বলে আসেনি রোগির অবস্থা ক্রিটিকাল,সবাই এগিয়ে আসুন। সিলেট শহরে এক ভাইয়ের অপারেশনের জন্য যত দ্রুত সম্ভব ১ ব্যাগ B-(neg) রক্তের প্রয়োজন। .....#শেয়ার করে রক্তদাতা পেতে সাহায্য করুন। স্থানঃ নর্থ ইষ্ট মেডিকেল কলেজ ফোনঃ <PHONE>",,,
4125,False,1,1,request,certain,Urgent need for B-ve or O-ve blood donors.,en,ebdr-twitter,#DigiThaneBloodEmergency Emergency: B-ve or O-ve #Blood donors required Urgent need for B-ve or O-ve blood donors… https://t.co/CGtPIU4U1c,,,
4128,False,1,1,request,certain,B+ blood needed for cancer patient tonight.,bn,facebook,সিলেট ওসমানী মেডিকেল কলেজ হাসপাতালে ভর্তি ক্যান্সার রোগীর আজকে রাত ১২ ঘঠিকার মধ্য এক বেগ B+ রক্তে প্রয়োজন কোনো ব্যক্তি দিতে পারলে এই নাম্বারে যোগাযোগ করুন।<PHONE>,,,
4133,False,0,0,not_request,likely,Status update: donors already arranged/sent for the requirement.,en,ebdr-twitter,"RT @AakankshaSehgal: @BloodDonorDelhi talked to farhan, 2 units were required for tmrw. 1 person sent nd other will be sent tmrrw.. https:…",,,
4134,False,0,0,not_request,certain,Group rules; unrelated.,bn,facebook,"Desperately seeking -TWIST & CHILL (DSTC) **গ্রুপে পোস্ট/কমেন্ট করার গুরুত্বপূর্ণ কিছু নীতিমালা।** **বিভিন্ন ধরণের সকল অপ্রয়োজনীয়/অবাঞ্চিত পোস্ট, যেগুলোর সাথে আড্ডা- full on hour টার্মটির আত্মীয়তার সম্পর্কও নেই সেগুলো দেখামাত্র মুছে ফেলা হবে। **পোস্টটি যদি আপনার আক্রমণাত্মক বা অবাঞ্চিত মনে হয়, তাহলে চুপচাপ ""Report to admin"" অপশনটি ব্যবহার করুন। অনর্থক কোন থ্রেডে তর্ক-বিতর্কের সৃষ্টি হলে থ্রেডটি মুছে ফেলা হবে এবং গালিগালাজমূলক কমেন্টকারীদের গ্রুপ থেকে নিষিদ্ধ করা হবে। **গ্রুপে কারও ব্যক্তিগত ফোন নাম্বার বা ছবি শেয়ার করবেন না। **গ্রুপে আপনার ব্যক্তিগত পিক শেয়ার করতে পারবেন তবে অব্যসয় নির্ধারিত ক্যাপশন থাকতে হবে ছবির। **যেকোন প্রকার জাতি, ধর্ম, বর্ণ, গোষ্ঠি-কে আঘাত করে পোস্ট বা কমেন্ট করা থেকে সম্পূর্ণরূপে বিরত থাকুন। যারা ""Awareness""-এর নামে গ্রুপে এধরণের ঘৃণা বা প্রতিহিংসামূলক পোস্ট করবেন তাদেরকে নির্দিদ্ধায় গ্রুপ থেকে নিষিদ্ধ করা হবে। **গ্রুপে যেকোন পণ্য বা সেবা ক্রয়-বিক্রয়ের বিজ্ঞাপন পোস্ট করা সম্পূর্ণরূপে নিষিদ্ধ। **যেকোন ধরণের ""অনৈতিক"" যেমন পিএসসি/জেএসসি/এসএসসি/এইচএসসি বা অন্যান্য যেকোন পরীক্ষার ""ফাঁসকৃত প্রশ্নপত্র"" ইত্যাদি দেখামাত্র পোস্টকারীকে চিরতরে নিষিদ্ধ করা হবে। **অ্যাড মি টাইপ কোন পোষ্ট করা যাবে না । করলে সেই সদস্যকে আ্যাডমিন বিনা কৈফিয়তে সেই কমেন্টগুলি এবং সেই সদস্যকে ব্যান করে দেবেন। **কোন মহিলা / পুরুষ সদস্যকে ফেক/ ফেক আইডি বলে গ্রুপের পরিবেশ কেউ নষ্ট করবেন না । করলে সেই সদস্যকে অ্যাডমিন বিনা কৈফিয়তে ব্যান করে দেবেন। **কোনও রকম অপ্রয়োজনীয়, অশ্লীল, রাজনৈতিক, পর্নগ্রাফি, বিজ্ঞাপন, গালাগাল, আত্মহত্যামূলক, ড্রাগ বিষয়ক জিনিস পোস্ট করবেন না,করলে অ্যাডমিন তা বিনা কৈফিয়তে রেমুভ করে দেবে এবং সদস্যকে ব্যানও করতে পারেন। **অন্য কোন পেজ / গ্রুপের বিজ্ঞাপন পোষ্ট করা যাবে না । এমনকি অন্য কোন পেজের / গ্রুপের / নিজের স্ট্যাটাস সরাসরি Share করা যাবে না । কারণ এতে পরোক্ষভাবে ঐ গ্রুপ বা পেজের বিজ্ঞাপন হয়ে যাচ্ছে । তবে গুরুত্বপূর্ণ তথ্য প্রচারের উদ্দেশ্যে কপি করতে পারবেন । **কোনো আর্নিং সাইটের লিঙ্ক বা রেফারেল দেয়া যাবে না । এর যেকোন একটি কাজ করলে বিনা নোটিশে ব্যান করা হবে। **অ্যাডমিনদের যদি কোন পোস্ট বা কমেন্ট কে অপ্রয়োজনীয় মনে হয়, অথবা কোন সদস্যের আচরণ অশোভন মনে হয় তবে তার পুর্ণ অধিকার থাকবে সেটিকে রিমুভ করার বা তাকে ব্যান করার। এবিষয়ে তার সিদ্ধান্ত চূড়ান্ত বলে বিবেচিত হবে।",,,
4135,False,0,0,not_request,certain,Surgery photo retweet,en,ebdr-twitter,"RT @CulturedMuslim: Female neurosurgeons operating on a male patient in Al-Jalla Hospital, Benghazi, Libya. - George Steinmetz https://t…",,,
4137,False,1,1,request,certain,A+ one bag needed tonight with contact.,bn,facebook,"আসসালামু আলাইকুম, রোগীর সমস্যা: বার্ধক্যজনিত অসুস্থতা (অবস্থা অনেক খারাপ এখন) রক্তের গ্রুপ: A+ রক্তের পরিমাণ: ১ব্যাগ স্থান: উইমেন্স মেডিকেল হসপিটাল সময়: আজ রাত তারিখ: ১৭/১০/২০২৩ যোগাযোগ: <PHONE>",,,
4141,False,1,1,request,certain,Urgent B+ blood needed at hospital with phone,tbn,facebook,Urgent (B+)Blood 🩸 Needed at Meristop Rikabi Bazar. Cell-<PHONE>,,,
4145,False,0,0,not_request,certain,Questions to donors about history; awareness.,bn,facebook,আপনার রক্ত কতজনের শরীরে আছে? আপনার রক্তের গ্রুপ কি( Apnar Blood group ki) আপনার রক্তদানের সময় হয়েছে কি,,,
4153,False,0,0,not_request,certain,Forum post dispute; 'be positive' pun.,bn,banglatlit,"কয়টা ওয়ার্ড ইউজ করসি নতুন কনট্রিবিইউট আইডি তে ৩ টা পার্ট করে পোস্ট করলে অথর আইডি নিতে পারতাম। বি পজিটিভ, নেক্সট টাইম কপি বলার আগে অবশ্যই ভালো করে দেখে চেক করে তারপর বলবেন আশা করি",,,
4160,False,0,0,not_request,certain,Unrelated radio/balance chatter,bn,banglatlit,"ভাই লল যে এই ভুত এফএম শোনবে তার ২،০০০ টাকা ডেইলি যাবে…এইটা অনলাইন রেডিও ..ও তা গুগল সার্চ দিলে পাওয়া যায় ,,,ভাই *৫৬৬# *২২২# ব্যালান্স চেইক পোস্ট করেন।লল",,,
4165,False,1,1,request,certain,2 bags AB- needed for pregnant mother.,bn,facebook,"★★★ রোগীর অবস্থা হঠাৎ খারাপ হয়ে যাওয়ায় যত দ্রুত সম্ভব ডেলিভারী করাতে হবে। প্রয়োজনে ডোনারকে বাইকে করে নিয়ে আসা এবং পৌছে দিয়ে আসা হবে। ""ঢাকার গ্রীণ রোডে"" জরুরিভিত্তিতে #দূর্লভ [AB-ve] রক্তের প্রয়োজন। দিতে না পারলেও শেয়ার করুন; যেন অন্যকেউ এগিয়ে আসে। :::::::::::::::::::::::::::::::::::::::::::: সন্তান সম্ভবা মায়ের জন্য আজ (<PHONE>) যত দ্রুত সম্ভব ২ ব্যাগ ""এবি নেগেটিভ"" রক্ত প্রয়োজন। [ইমারজেন্সি] :::::::::::::::::::::::::::::::::::::::: সেন্ট্রাল হাসপাতাল। মোবাঃ <PHONE> (রোগীর আত্মীয়)",,,
4168,False,0,0,not_request,certain,List of churches,bn,banglatlit,"সান অগাস্টিন চার্চ, পাওয়ায় চার্চ, নুয়েস্ত্রা সেনোরা দে লা অসানসিওন (সান্টা মারিয়া) চার্চ ও সান্টো টমাস দে ভিলানুইভা (মিয়াগ-আও) চার্চ সহ ফিলিপিনসের বারোক গির্জাসমূহ (১৯৯৩)",,,
4175,False,0,0,not_request,certain,Medical definition text,bn,banglatlit,অ্যান্টেরোগ্রেড এবং রেট্রোগ্রেড (বিশোণিতা) প্রবাহ বলতে রক্ত বা ফ্লুইডের স্বাভাবিক(অ্যান্টেরোগ্রেড) বা অস্বাভাবিক (রেট্রোগ্রেড) দিকে প্রবাহ হওয়াকে বুঝায়।,,,
4181,False,1,1,request,certain,Emergency AB+ 10-12 bags needed at CMH.,en,telegram,‼️‼️ Emergency Blood Needed‼️‼️ AB+ (10-12bags) atleast at Dhaka CMH. Got shot on head in today's protest. Contact: <PHONE>,,,
4186,False,1,1,request,certain,AB- blood needed tomorrow for pregnant patient.,tbn,facebook,"AB- blood lagbe kalke... Uttara sector 6, road 11. UTPS hospital e blood lagbe patient pregnant..kalke shokal e.",,,
4191,False,1,1,request,certain,O+ blood urgently needed for sick mother.,bn,facebook,"আমার মা অসুস্থ।জরুরী ভিত্তিতে O+ রক্তের প্রয়োজন। রক্তশূন্যতা ।যদি কেউ দিতে চান দয়া করে জানাবেন। <PHONE>,<PHONE>",,,
4199,False,0,0,not_request,certain,App earning discussion; unrelated.,bn,banglatlit,"ভাই ২০০ এর জায়গায় ৬০০ মানেটা কি।কি কোন এমনে। এমনের মাথা ঠিক আছে তো। আরে ভাই প্রতি ঘন্টায় ২ -এপস এই ২০০ করে ৪০০ পুরুষ পাওয়া যায়। বাট তাহলে কেমন করে এটা হ্যাক।হলো। আমি আমার ফোন দিয়ে এক সাথে ১০ টা জিমেইল দিয়ে এই এপস ২-টাই চালায়। আমি প্রত্যেক দিন কম পক্ষে যদি একটাতেই ১০০০ হাজার করি তাহলে। ১০-টা জিমেইল এ ১০,০০০ হবে।এই ভাবে আমি ২-এপস এই কাজ করি দুই টা মিলেই ২০,০০০ পিয়ার্স করি বুঝেছে। আমার মতে এটাই ভালো। আমি এই ভাবেই কাজ করতেছি।এখন আমার ১০ টা জিমেইল এই ১০,০০০ পুরুষ হয়েছে। ২- টা এপস এই ২০,০০০ হাজার। এই রকম কোনো ট্রিক দিন ১০০% সবার জন্য ভালো। ১০- জিমেইল এ একবার করে একাউন্ট খুলে পরে আর কোনো একাউন্ট খুলতে লাগবেনা।পরে শুধু লগ আউট করতে হয়।শোনায় মাত্র ২০ মিনিট লাগে।একেবারেই ভালো কোনো ঝামেলা নাই। আমার মতে এই রকম কোনো ট্রিক লিখে হ্যাক বলে পোস্ট করুন। আমি যদি টিউনার হতাম তাহলে দেখতেন। আমার পোস্ট দেখে কেউ ব্যাড কমেন্ট করতো না। সবারই ভালো লাগতো।",,,
4210,False,1,1,request,certain,"Child with cancer needs more blood, please help.",en,ebdr-twitter,"RT @iRJPrateek: The kid I'd posted about, still requires more blood in his fight against cancer. Please help, and please RT. @BloodDonorsI…",,,
4214,False,1,1,request,certain,Retweet of appeal needing 3 units O-ve blood in Chennai.,en,ebdr-twitter,RT @BloodDonorsIn: #Chennai need 3 units O-ve blood https://t.co/HOG2gSNSoV,,,
4216,False,0,0,not_request,certain,Drowning news fragment.,bn,banglanmt,এ সময় তারা পুকুরে পড়ে পানিতে ডুবে যায়।,,,
4221,False,1,1,request,certain,"B+ blood needed 1 bag, location and phone",tbn,telegram,B(+ve) Rokto lagbe 1 bag Location:Kormitula genarel hospotal Phone number:<PHONE>,,,
4222,False,1,1,request,certain,Three bags AB- needed for accident patient.,bn,facebook,"""ঢাকা শ্যামলীতে"" একজন বাবার জন্য জরুরী ভিত্তিতে ( #AB-) রক্তের প্রয়োজন। """""""""""""""""""""""""""""""""""""""""""""""""""""""""""""""""" নিজে দিতে না পারলে ও #কপি_পেস্ট/ শেয়ার করুন,যেন অন্য কেউ এগিয়ে আসে। """""""""""""""""""""""""""""""""""""""""""""""""""""""""""""""" এক্সিডেন্টের রোগীর জন্য কাল (১০-১২-১৫) সন্ধা ৭ টার মধ্যে ""৩ব্যাগ"" #এবি_নেগেটিভ রক্তের প্রয়োজন। """""""""""""""""""""""""""""""""""""""""""""""""""""""""""""""""" স্থান: পংগু হাসপাতাল,ওয়াড নং-CD,বেড নং-৪৮,৩য় তলা,শ্যামলী, ঢাকা ফোন- <PHONE>(রোগীর আত্বীয়)",,,
4223,False,0,0,not_request,certain,NHS award news.,en,ebdr-twitter,"RT @HeartlandsUHB: Heartlands ED team have been shortlisted for an Excellence in Urgent and Emergency Care NHS70 Parliamentary Award, for t…",,,
4232,False,0,0,not_request,certain,Game character profile with blood type.,en,ebdr-twitter,"Cloud Weapon: Buster Sword(FFVI),First Tsurugi(FFVII Advent Children) Blood: AB",,,
4241,False,0,0,not_request,certain,Japanese blood type trivia.,en,ebdr-twitter,各血液型を代表するIT長者 A型：スティーブ・ジョブズ B型：ビル・ゲイツ O型：孫正義 AB型：マーク・ザッカーバーグ #血液型 #A型 #B型 #O型 #AB型 https://t.co/ZaigLY5xOp,,,
4251,False,1,1,request,certain,B+ one bag needed today at Dhaka Medical.,bn,facebook,💁রোগীর সমস্যা: Kidney Problem 💉রক্তের গ্রুপ: B+ 🔴রক্তের পরিমান: 1 bag 📆রক্তদানের তারিখ: As soon as possible within today ⌚রক্তদানের সময়: within today 🏥রক্তদানের স্থান: Dhaka medical ☎️যোগাযোগ: <PHONE> The man who need the blood is so much helpless....,,,
4254,False,0,0,not_request,certain,Investment site discussion; unrelated.,bn,banglatlit,অনেক এ ৩০০০$ পর্যন্ত ইনভেস্ট করে পেমেন্ট পাইতেসে...বেশি আয়রন করতে রিস্ক নিতেই হবে ভাই... তবে এই সাইট অন্যান্য সাইট এর তুলনায় আলাদা.. কেউ এই সাইট এর নাম এ রিপোর্ট দিতে পারবে। একজন এর টাকা মারলে এতক্ষন স্ক্যাম স্ক্যাম বলে চিল্লাই তো...সো এখন আপনার ইচ্ছা ভাইয়া...,,,
4264,False,1,1,request,certain,3 bags O- blood needed for father at United Hospital.,bn,facebook,"Radio munna.com ar আমার বাবার জন্য ৩ব্যাগ 'O negative'(O-) রক্ত প্রয়োজন। স্থানঃ ঢাকা ইউনায়টেড হাসপাতাল, প্লট নং ১৫, রোড নং ৭১, গুলশান ২ । মোবাইলঃ <PHONE>",,,
4268,False,1,1,request,certain,Emergency B+ blood for operation at Rajshahi Medical.,bn,facebook,এক চাচার অপারেশন জন্য ইমারজেন্সি B+ রক্তের প্রয়োজন রাজশাহী মেডিকেল কলেজ,,,
4277,False,1,1,request,certain,Urgent platelets needed for hospitalized mother.,en,ebdr-twitter,@BloodDonorsIn Urgently required platlets. A+ n A- blood group people. as my friend's mother is hospitalized in med… https://t.co/zBadDcXC0X,,,
4298,False,1,1,request,certain,Urgent B+ blood required for surgery.,en,ebdr-twitter,@richaanirudh @rajeev_mp @mainbhiengineer @coolfunnytshirt Urgent B+ blood group required for a surgery in Manipal… https://t.co/3RaxOAnQCv,,,
4326,False,1,1,request,certain,A-ve needed for dialysis at BIRDEM,bn,facebook,"ঢাকার শাহাবাগে খুব জরুরী এ (-) নেগেটিভ [A-ve] রক্তের প্রয়োজন। রক্তদান করতে না পারলেও সর্বোচ্চ কপি শেয়ারের মাধ্যমে রক্তদাতা পেতে সহায়তা করুন। --------------------------------------------------------------------------------------------------------------------------- কিডনি ডায়ালাইসিসের জন্য আজ (১১/১০/২০১৫ইং) সন্ধ্যা ৭ টার মধ্যে নূন্যতম ১ ব্যাগ এ (-) নেগেটিভ [A-ve] রক্তের প্রয়োজন। --------------------------------------------------------------------------------------------------------------------------- ঠিকানা ও যোগাযোগঃ বারডেম জেনারেল হাসপাতাল. ১২২/ কাজী নজরুল ইসলাম এভিনিউ, শাহাবাগ, ঢাকা-১০০০। মোবাইলঃ রসি - <PHONE> (রোগীর জামাই)",,,
4327,False,0,0,not_request,certain,Awareness post asking people to know blood group.,bn,facebook,১ মিনিট সময় লাগবে সবাই একটু পোস্ট টা পরবেন 🩸💉আপনি রক্ত দিতে ভয় পান?? কথা দিলাম আপনাকে কল দিবো না! বলব না একজন মা মারা যাচ্ছে রক্ত দিন! শুধু বলবো ব্লাড গ্রুপটা চেক করে রাখুন। যে মা মৃত্যু যন্ত্রনাকে ভয় না পেয়ে আপনাকে আমাকে জন্ম দিয়েছিলো। সেই মায়ের জন্য যদি কখনও রক্ত লাগে তখন কি করবেন? আমার রক্তের গ্রুপ..A(+) আপনার রক্তের গ্রুপ জানা থাকলে বলতে পারেন। 🩸💉ব্লাড দিতে ইচ্ছুক হলে সাথে লোকেশন আর নাম্বারটা দিয়ে দিয়েন নাম্বার দিতে সমস্যা হলে ইনবক্সে নাম্বার দিয়ে দিতে পারেন। ধন্যবাদ❤️ রক্তযোদ্ধা জয়পুরহাট রক্তদান সংগঠন....❤️,,,
4338,False,1,1,request,certain,3 bags A+ for bypass surgery,bn,facebook,"আমার বন্ধুর বাবার জন্য আগামীকাল ২২ আগষ্ট ২০১৯ তারিখে হার্ট এর বাইপাস সার্জারির জন্য ৩ ব্যাগ এ পজেটিভ (A+) রক্ত প্রয়োজন খুব জরুরি ভিত্তিতে। বি:দ্র: তাৎক্ষণিকভাবে ২ ব্যাগ হলেও হবে। রোগীর নাম: নিজাম উদ্দিন ভুইয়া, ঠিকানা: ব্যাড নং- সি (C), ওয়ার্ড নং- ৪৪৬, ফ্লোর নং- ৪, ইউনাইটেড হাস্পাতাল, ঢাকা । যোগাযোগ : আসিফ- <PHONE>",,,
4343,False,0,0,not_request,certain,Forum greeting; unrelated.,bn,banglatlit,হাই ব্রো আমি নিউ ইউজার আমার নাম ইউজার।আমি আঃ=আজকে ট্রিকবিডি তে লগইন করছি থ্যাংক ইউ ফর ট্রিক বিডি সাপোর্ট টীম। আমি প্রায় ১ ইয়ার ধরে ট্রিকবিডি চালাই কিন্তু রেজিস্ট্রেশন করতে পারি নাই আজকে পেরেছি থাঙ্কস ট্রিক বিডি,,,
4350,False,1,1,request,certain,Appeal for A+ blood for leukemia patient.,en,ebdr-twitter,"Appeal for A+ Blood Lt Idrees, 135 L/C has been diagnosed with Leukemia (Blood Cancer) and admitted in Shiekh Zaid… https://t.co/PCmzM2BPLY",,,
4360,False,0,0,not_request,certain,Patient education statement,bn,curated-adversarial,রোগী শিক্ষার সেশনে রক্তব্যাংকের সাথে যোগাযোগের পদ্ধতি আলোচনা করা হবে।,,,
4361,False,1,1,request,certain,1 bag B- needed tonight for operation.,bn,facebook,"রাতেই লাগবে !! এক বোনের অপারেশন হবে না ,১ ব্যাগ B- রক্ত না পেলে, স্থানঃউত্তরা আধুনিক হাস্পাতালে <PHONE> @everyone @highlight",,,
4367,False,1,1,request,certain,1 bag O+ needed today for operation patient.,bn,facebook,আজকে বিরামপুরে অপারেশন রুগির জন্য এক ব্যাগ O+ রক্ত প্রয়োজন। আগ্রহি রক্তদাতাদের যোগাযোগ করার জন্য অনুরোধ করছি।,,,
4371,False,1,1,not_request,likely,Reply saying already shared,en,ebdr-twitter,@BKbirthliya Already shared at https://t.co/SyfEZvo1dn Thanks!! #BloodMatters,,,
4372,False,0,0,not_request,certain,Turkish organ transplant congress news.,en,ebdr-twitter,RT @organnaklivakfi: 27. Uluslararası Organ Nakli Kongresi (TTS 2018) Madrid’de başladı. #TTS2018 #transplant #congress #ITN2018 #keeponliv…,,,
4377,False,1,1,request,certain,AB+ bag needed urgently at Ibn Sina.,bn,facebook,AB+ এক ব্যাগ blood ইমার্জেন্সি ইবনেসিনা হসপিটালে যধি কেউ দিতে পারেন🥲😭 একজন মহিলা অনেক বেশি কান্না করছেন। Blood পাচ্চেন না🥲,,,
4379,False,1,1,request,certain,7 bags B+ needed for heart surgery.,en,facebook,7 Bag B positive blood dorkar for open heart surgery. urgently needed by tomorrow,,,
4381,False,0,0,not_request,certain,Political news.,en,banglanmt,Prime Minister Sheikh Hasina left Saudi Arabia on Monday morning for Finland.,,,
4383,False,0,0,not_request,certain,Awareness program announcement.,bn,curated-adversarial,আমাদের কলেজ আগামী সপ্তাহে রক্তদানের সচেতনতা কর্মসূচি আয়োজন করছে।,,,
4384,False,1,1,request,certain,Emergency A+ blood required with contact,en,ebdr-twitter,"Emergency A+ #blood required Please contact. Afroz : <PHONE> #hyderabad, India. #SaveLife #SaveLifeFoundation… https://t.co/bZlwtO6Ujm",,,
4392,False,1,1,request,certain,One bag AB+ needed for anemia patient.,bn,facebook,আগামীকাল রক্ত শূন্যতা রুগির জন্য এক ব্যাগ AB+ রক্ত প্রয়োজন। আগ্রহি রক্তদাতাদের যোগাযোগ করার জন্য অনুরোধ করছি।,,,
4397,False,0,0,not_request,certain,Casual chat.,bn,banglatlit,হুম।এখন আর মিস করার কিছু নাই...এখন সবাই আছি..... হুম মনে আছে। আমি আস্ক করেছিলাম এনজেএস এর মিনিং। আপনি বলেছিলেন নিউজিল্যান্ড..... (বাকি টুকু মনে নাই).... থ্যাংকস,,,
4410,False,0,0,not_request,certain,News about shooting,en,ebdr-twitter,"RT @baparkr: Israeli forces shot &amp; killed 11-year-old Yasser Amjad Moussa Abu Naja in Khan Younis, Gaza on June 29 at 7:15 pm local time. H…",,,
4411,False,0,0,not_request,likely,"Thai cave rescue tweet, not blood.",en,ebdr-twitter,RT @ElsaIsHOT: @Rajprasong_News Found the solution. Please call <PHONE> if you are able to help. #Thamluangcave #ThamLuang https://t.co/…,,,
4422,False,0,0,not_request,certain,Phone troubleshooting.,bn,banglatlit,আপনার মোবাইল ১০০%ব্রেক হইছে তাই এই প্রবলেম করছে এই মোবাইল অফ করে ব্যাটারি রিমুভ করে তার পর ট্রাই করুন আশা করি হবে ...আর না হলে জানাবেন হেল্প করার ট্রাই করবো,,,
4425,False,0,0,not_request,certain,"Environmental plea, unrelated.",en,ebdr-twitter,@MakoPeggy Please Cut Rings. Please help clean beaches! People who litter are trashy people.,,,
4427,False,0,0,not_request,certain,"Mobile top-up tip, unrelated.",bn,banglatlit,যারা এক্সএপিও দিয়ে মোবাইল টপআপ করতে পারেন না পিসি থেকে তারা মোবাইল দিয়ে করেন।world.xapo.com এ ঢুকেন।আমি আমার মোবাইল এ কাস্টম রম দিসি তাই স্ক্রিন রেকর্ডার সাপোর্ট করেনা।না হয় ভিডিও দিয়ে দিতাম,,,
4434,False,1,1,request,certain,Urgent blood need at SGPGI Lucknow.,en,ebdr-twitter,#Lucknow UP any group #Blood #urgent #need at SGPGI G BLOCK Pls Call <PHONE> #July_03 @lucknowpolice @ShrutiRedFm #BloodMatters,,,
4437,False,0,0,not_request,certain,Football news.,en,banglanmt,Bangladesh lost to Afghanistan by 1-0 goal in the first match of the world cup qualifiers.,,,
4449,False,1,1,request,certain,Emergency 2 bags O- blood needed in Khulna.,bn,facebook,ইমারজেন্সি রক্তের প্রয়োজন🩸 রক্তের গ্রুপঃ O- পরিমাণ ২ ব্যাগ রোগীঃ রক্তের হিমোগ্লোবিন এর মাত্রা হঠাৎ অস্বাভাবিক ভাবে কমে যাওয়ায় ইমার্জেন্সি লাগবে সময়ঃ যত দ্রুত সম্ভব স্থানঃ খুলনা যোগাযোগঃ <PHONE> দেওয়ার মতো কেউ থাকলে মহৎ কাজে হাত বাড়িয়ে দিন❤️,,,
4454,False,1,1,request,certain,Emergency O+ blood needed at BMI hospital.,tbn,facebook,Emergency O+ blood ar khub dorkar Plz help us Kew dite chaile call <PHONE> Address :Mirpur 1 BMI hospital,,,
4459,False,1,1,request,certain,One bag B+ needed for surgery.,en,telegram,1bag B+ blood needed Patient er ajkei ankle fracture er surgery Hospital:Reliance general and renal hospital,,,
4465,False,0,0,not_request,certain,Spanish vocational training news.,en,ebdr-twitter,La #FPDual se ha implantado por primera vez en un hospital público de España 🏥 #DescubrelaFP https://t.co/UNxZoOFNiN,,,
4485,False,0,0,not_request,certain,Gmail settings help; unrelated.,bn,banglatlit,ভাই আমার আইডি তে বর্তমানে টোটাল দুইটা জিমেইল অ্যাড করা আসে...কিন্তু আমি ৩টা জিমেইল এর মাধ্যমে আইডি তে লগইন করতে পারতেসি...সেটিং থেকে ইমেইল অপশন এ গেলে শো করে দুইটা ইমেইল এর মধ্যে অলরেডি একটা প্রাইমারি অ্যাড করা আসে...এখন যেই জিমেইল টা অ্যাড করলাম এটা প্রাইমারি তে অ্যাড করতে চাচ্ছি কিন্তু পারতেসি না...,,,
4520,False,1,1,request,certain,"One bag A+ needed for caesarean, asks donors.",bn,facebook,আজ বিকালে বিরামপুর ইমার উদ্দীন কমিউনিটি হাসপাতালে সিজারিয়ান সেকশন অপারেশনের জন্য এক ব্যাগ A+ রক্ত প্রয়োজন। আগ্রহী রক্ত দাতাকে কমেন্ট করার জন্য অনুরোধ করছি।,,,
4528,False,1,1,request,certain,Negative donors required urgently at CMH,en,ebdr-twitter,As received Any negative blood donors are required in CMH Rawalpindi urgently for a mother who's is patient of canc… https://t.co/R1GTnlda27,,,
4551,False,0,0,not_request,certain,VPN server instructions; unrelated.,bn,banglatlit,"যাদের সার্ভার একাউন্টস লিমিট এক্সিডেড!এটা দেখাচ্ছে তারা ৩ডট মেনু তে ক্লিক করে,,”ভি২রে & এক্সরে” এই লিখায় ক্লিক করেন তারপর “এক্সরে ভ্লেস+ওয়েবসকেট” এখানে যেয়ে একটু নিছে জান তারপর যে সার্ভার এভিলএবল আছে সেটায় ক্লিক করে নিচে যান অ্যান্ড ক্রিয়েট এর একটু উপর এ দেখবেন”এসিসি রিমেনিং” এটা যদি ফুল লেখা থাকে তাহলে হবে না অন্য সার্ভার এ যান অ্যান্ড দেখেন যদি এসিসি রিমেনিং ১ ওএ উপর থাকলেই হবে ১ থাকলেও হবে….. থ্যাংক ইউ?",,,
4554,False,1,1,request,certain,B-negative needed for pregnant woman,en,telegram,"‼️‼️‼️ A pregnant woman at Taqwa Specialised Hospital (15 New Eskaton Road, Mogbazar Mor, above Mina Bazaar) is in critical condition and requires B-negative blood immediately to survive. If anyone willing to donate B-negative blood, please contact urgently at <PHONE>.",,,
4556,False,0,0,not_request,likely,"Reply asking for city name, not an appeal.",en,ebdr-twitter,@Manishg79418706 Please share city name. Thanks!! #BloodMatters,,,
4565,False,1,1,request,certain,Urgent AB+ blood needed at Osmani Medical.,tbn,facebook,Urgent ab+ blood dorkar please kew ki dite parven sylhet osmani medical college,,,
4572,False,1,1,request,certain,Retweet: B- blood needed for newborn in Islamabad.,en,ebdr-twitter,RT @shazyhaq: Urgently B- Blood Needed For 7 day Old Child In Islamabad. We Give Him/Her Money For Blood. Just 300ml Required. Please Cont…,,,
4573,False,1,1,request,certain,Two bags B+ needed for C-section patient.,bn,facebook,মেডি হসপিটাল। বি পজেটিভ রক্তের প্রয়োজন ২ ব্যাগ। সিজারের রোগী। যোগাযোগ: <PHONE>,,,
4578,False,0,0,not_request,certain,Generic helpline notice,en,curated-adversarial,Please call the helpline for any medical emergency assistance.,,,
4579,False,1,1,request,certain,B+ blood urgently needed at PG hospital.,bn,facebook,"জরুরি ভিত্তিতে, ঢাকা পিজি হাসপাতালে আমাদের কাটলা ইউনিয়নের ছেলে মনিরুলের B+ ব্লাড লাগবে মনিরুল <PHONE>",,,
4580,False,1,1,request,certain,"Urgent O- blood required in Lahore, contact given.",en,ebdr-twitter,#RT #URGENT #O- blood group required in #Lahore. Please contact on <PHONE>. #SpreadTheWord #donateblood… https://t.co/psNCSaF6Tk,,,
4581,False,0,0,not_request,certain,Cricket tweet.,en,ebdr-twitter,RT @umairaslam86: Here we go. Semi final # 1 Pak vs Eng #u19cwc #cricket #Pakistan,,,
4582,False,1,1,request,certain,Urgent 6 bags A+ needed,bn,facebook,"আর্জেন্ট ৬ ব্যাগ ""এ পজেটিভ "" রক্তের প্রয়োজন। স্থানঃ হার্ট ফাউন্ডেশন হসপিটাল, মিরপুর, ঢাকা। মোবাইল নং: <PHONE>",,,
4584,False,1,1,request,certain,"Emergency B+ blood for delivery, contact.",bn,facebook,ইমারজেন্সি বি পজেটিভ রক্তের প্রয়োজন এক মায়ের ডেলিভারির জন্য কল্যাণপুর ইবনে সিনা হসপিটাল ☎️<PHONE>,,,
4590,False,0,0,not_request,certain,Tech discussion about IP address.,bn,banglatlit,কে বলছে আপনাকে আইপি এড্রেস দেখতে টাকা অর এমবি লাগে।যারা ট্রিকবিডি তে ব্রাউজ করে তারা খুব ভালো এটা জানে আইপি এড্রেস কোথায় গিয়ে দেখতে হয়… আর আপনি বলছেন প্রথম আলো তে দেখতে….হা হা…প্রথম আলোয় এমন কেন আসে তা কি জানেন… প্রথম আলো তে আর ফ্রি তে ইউজ করা যাবে না.. মান্থলি চার্জ লাগবে… যারা এক্টিভ করবে অনলি তারাই পড়তে পারবে….. আর আইপি দেখতে ফোন সেটিং দ্যান এবাউট ফোন দ্যান স্ট্যাটাস এ গিয়ে দেখে নিবেন….. না হলে না জানি কবে আবার ওয়াইফাই ম্যাক এড্রেস নিয়ে পোস্ট করেন তাই ভাবছি. . আমি ট্রিকবিডি তে পোস্ট ক্রিয়েট করতে পারি না + সাজিয়ে ঘুছিয়ে লিখতে পারি না তাই আজও কন্ট্রিবিউটর…আপনি পারেন তাই ট্রিকবিডি মেম্বার দের ভালো কিছু দিন.. এমন জিনিস সবাই জানে….এমন পোস্ট এর জন্য টাইম নষ্ট কইরেন না….,,,
4591,False,1,1,request,certain,"Urgent O+ blood needed, contact.",en,facebook,NEED URGENT 'O' POSITIVE BLOOD. PLZ CONTRACT WITH THIS NUMBER. <PHONE>,,,
4599,False,1,1,request,certain,B-ve blood needed for accident patient in Rangpur,bn,facebook,"04.05.2016 ""তুচ্ছ নয় রক্তদান, বাঁচাতে পারে একটি প্রাণ"" . দিতে না পারলেও শেয়ার করুন ... . রংপুরে এক ভাই এর জন্য এক ব্যাগ B (-ve) রক্তের প্রয়োজন। জরুরীভাবে কালকের মধ্যে এক ব্যাগ রক্ত লাগবে। . রুগী বাইক এক্সিডেন্ট করছে অনেক রক্তক্ষরণ হইছে প্লিজ বি নেগেটিভ রক্ত দিয়ে সাহায্য করুন । স্থান : রংপুর মেডিকেল যোগাযোগ : <PHONE> , <PHONE> (Rizvee)",,,
4602,False,0,0,not_request,likely,"Reply asking for hospital name, not itself an appeal.",en,ebdr-twitter,@NirajCh04973499 Please share hospital name. Thanks!! #BloodMatters,,,
4612,False,0,0,not_request,certain,Motivational message,bn,facebook,সন্তানের বয়স ৫ বছর হলেই যেমন তাকে উৎসাহিত করেন স্কুলে পাঠানোর জন্য। তেমনি ১৮ বছর হলেই রক্তদানের জন্য উৎসাহিত করে হাসপাতালে পাঠান।,,,
4617,False,0,0,not_request,likely,Financial help plea; unrelated to blood.,en,ebdr-twitter,RT @KamalJa29215932: Sir....@PMOIndia.@HardeepSPuri.@arunjaitley @cmohry @DrKKKhandelwal Please help.We are ruined.Lost retirement corpus #…,,,
4620,False,1,1,request,certain,Two blood bottles required for friend's mother.,en,ebdr-twitter,Urgently Two blood bottles are required for my friends mother in jinnah hospital .can anyone arrange .please do con… https://t.co/aljNrJ0mbe,,,
4628,False,0,0,not_request,likely,Truncated healthcare cost listing; no blood request.,en,ebdr-twitter,"@goodoldcatchy Country: Canada Operation: Emergency c-section Included ambulance, heart&amp; BP meds, blood transfusio… https://t.co/2waMiZfnPR",,,
4629,False,0,0,not_request,certain,Telecom 4G service message.,bn,banglatlit,"দুঃখিত আপনার ৪জি সার্ভিস এক্টিভ হয় নি। আপনার ৪জি উপযোগী সিম নেই। ৪জি /হান্ডসেট বেছে নিন কাছের বিএল কাস্তমার কেয়ার থেকে, লকেশান জানতে ডায়াল *১২১*৮*৪#",,,
4660,False,0,0,not_request,certain,Phone recovery help request.,bn,banglatlit,আমি ওমক ভাইকে অনেক বের এফবি তে বলছি এন্ড ওনি আমাকে হেল্প করতে চাইছিলো বাট … পরে আর রেওলী দেই নাই ..আর আমি সব রকম ট্রাই করছি ..হয় না .. কেউ প্লিজ সিম্ফনি এম১ এর জন্য যেকোনো একটা রেকভারি দিন না .. প্লিজ ভাইরা,,,
4661,False,0,0,not_request,certain,Proxy package promotion.,en,ebdr-twitter,"July Monthly Chicago DC Proxy Packages will be live Monday, July 2nd at 7 PM EST 💨 One Random RT will get a Free 25 Pack 👀",,,
4668,False,0,0,not_request,certain,Referral earning scheme.,bn,banglatlit,পার্মানেন্ট অপশন 2019 এ অন হবে.এখন ওয়েব টকে বেটা ভার্সন চলতেছে.তার জন্য এখন যারা অ্যাকাউন্ট খুলবে তারা ভিআইপি অ্যাকাউন্ট..এবং তারা লাইফ পাবে ডলার ওয়ান করে একজন রেফার জয়েন করায়ে. বেটা ভার্সন আপডেট শেষ হলে উজ্জ্ব অপশন অন হবে আর তখন যারা যারা একাউন্ট খুলবে তারা পাবে $০.১০ অর্থাৎ ১০ সেন্ট লাইফ টাইম একজন রেফার জয়েন্ এর জন্য..,,,
4669,False,1,1,request,certain,Urgent 6 A+ donors needed at Breach Candy.,en,ebdr-twitter,"URGENT 6 A+ve donors today at M.I.C.U, Breach Candy Hospital. Call Nippun Aggarwal <PHONE>. Update when done.",,,
4677,False,1,1,request,certain,Two bags AB- needed for sick aunt.,bn,facebook,আমার আন্টি খুব অসুস্থ আগামি কাল ০৪/০২/২০ তারিখ সকাল ১০ টার মধ্যে ২ ব্যাগ AB-/এ বি নেগেটিপ রক্তের প্রজোন জদি কোনো হৃদয় মান বেক্তি থাকেন তাহলে এই নাম্বারে জোগাজোগ করুন ছেলে <PHONE> দয়া করে খুব অনুরোধ করছি আমার ফ্যামেলি চিরো কৃতজ্ঞ থাকব। 😥😥😥😥😥😥,,,
4690,False,0,0,not_request,certain,Historical text about police deaths.,bn,banglatlit,"মৃত্যুর সংখ্যা নিয়ে এখনও অবধি চর্চা চলে যে ২২ না ২৩ জন পুলিশ মারা গেছিল, আসলে এই দ্বিধাটি রয়েছে কারণ ঘটনার পরে একজন আহত পুলিশ মারা গেছিলেন বলে।",,,
4693,False,1,1,request,certain,"1 bag B+ needed at Bogura hospital, asks donors.",tbn,facebook,Blood Group ....: B+ 1 Bag Blood lagbe kal ker mddo... Bogura Mohammad Ali Hospital Phn num : <PHONE> Kew jodi Donate korten Tahola valo hoto....,,,
4695,False,0,0,not_request,certain,"App points question, unrelated.",bn,banglatlit,ব্রো র তো পয়েন্ট পাইতেসে না……পপ কয়েন স্লট এ ১৮ লেভেল করলাম…পাইলাম না …..এর পর আবার পাইরেট কিং এ ৪৫ ? করলাম ……এই ৪৫ ? একবারে করসি….ভিপিএন কানেক্ট করে ভদি তে ঢুকে অফার এ ক্লিক করে প্লে স্টোর থেকে নামিয়ে এক বারেই ৪৫ ? তুলসি…. তাও পয়েন্ট পাই নাই…… কি প্রব্লেম বলতে পারবেন কি?,,,
4702,False,1,1,request,certain,Blood appeal for ventilator patient with contact.,en,ebdr-twitter,RT @arifreporter: Blood Appeal. Urgently blood donation for ventilator patient at MAIN AKU Patient name: Qureshi muhammad Rashid <PHONE>…,,,
4707,False,1,1,request,certain,One bag B+ needed for thalassemia patient.,bn,facebook,আজকে বিরামপুর মডার্ন ক্লিনিকে থ্যালাসেমিয়া রোগীর জন্য এক ব্যাগ B+ রক্ত প্রয়োজন। আগ্রহী রক্ত দাতাকে কমেন্ট করার জন্য অনুরোধ করছি।,,,
4711,False,0,0,not_request,certain,Captcha explanation.,bn,banglatlit,"৪+৬ হচ্ছে ক্যাপচা কোড…. এখানে আরো অনেক কিছু যেমন ১০ – ৩, ৯+৫ এটসেটরা থাকতে পারে…. যোগ/বিয়োগ/গুন/ভাগ করে দিতে হবে…. নাদিলে আপনি রেজাল্ট দেখতে পাবেন না",,,
4712,False,1,1,request,certain,Emergency A+ blood needed at Thakurgaon hospital.,bn,facebook,Emergency A+ blood needed. ঠাকুরগাঁও সদর হাসপাতাল।,,,
4717,False,0,0,not_request,certain,Music promotion; unrelated.,en,ebdr-twitter,▶ Drop @G_Eazy x @BlacYoungstaFB x @Blocboy_JB #HipHopConnection w. @Justabitofdrama Listen Live: https://t.co/zLKKgk4FpK,,,
4723,False,0,0,not_request,certain,Corporate news,bn,banglanmt,"বৃহস্পতিবার (২২ আগস্ট, ২০১৯) রাজধানীতে ওয়ালটন করপোরেট অফিসে এ চুক্তি স্বাক্ষরিত হয় যেখানে প্রধান অতিথি হিসেবে উপস্থিত ছিলেন বাংলাদেশ সরকারের তথ্য ও যোগাযোগ প্রযুক্তি প্রতিমন্ত্রী জুনাইদ আহমেদ পলক।",,,
4725,False,1,1,request,certain,8 bags A+ urgently needed at Apollo for injured person.,bn,facebook,"#Pls help________ বৃস্পতিবার দুর্বৃত্তদের হামলায় আহত তাইওয়ানি নাগরিকের জন্য জরুরী ভিত্তিতে ৮ ব্যাগ এ+ রক্ত প্রয়োজন। স্থান: অ্যাপোলো হাসপাতাল রক্তের গ্রুপ: এ+ যোগাযোগ: Shahriar <PHONE> এ বিদেশীকে বাঁচানও আমাদের দায়িত্ব। আমরাই তো এদের রক্ত দিয়ে সুস্থ করে তুলব, তাই না?",,,
4732,False,1,1,request,certain,2 bags B+ needed for anemic patient.,bn,facebook,বিরামপুর ইমার উদ্দিন কমিউনিটি হসপিটালে একজন রক্তস্বল্পতা বোনের জন্য ২ ব্যাগ বি+🩸রক্তের প্রয়োজন।😢 আগ্রহী রক্তদাতা এগিয়ে আসুন। সকলের সহযোগিতা কামনা করছি।,,,
4737,False,1,1,request,certain,"Urgent B+ blood required, contact given.",en,ebdr-twitter,Urgent required B+ve blood ke zaroorat hai jis kesa ka ho plz rabta karain <PHONE> talib Hussaini,,,
4738,False,0,0,not_request,certain,Asks how many people received your blood.,bn,facebook,আপনার রক্ত কতজনের শরীরে বহমান? আর আপনার রক্তের গ্রুপ কি?,,,
4747,False,0,0,not_request,certain,Telugu report about donation camp.,en,ebdr-twitter,RT @Suni28507627: NER blood donation camp లో రక్తదానం చేసిన యువతకు ఉద్దేశించి రెడ్ క్రాస్ బ్లడ్ బ్యాంకు మేనేజర్ కామేశ్వరరావు గారు NER గారి…,,,
4748,False,1,1,request,certain,Retweet: B- blood required in Islamabad.,en,ebdr-twitter,RT @SaveLifePK: B- #blood group required in #islamabad. Please contact on <PHONE>. #SaveLife #SaveLifeFoundation #BeAHero via @BDonorsP…,,,
4753,False,1,1,request,certain,Urgent 2 A-ve donors needed in Mumbai.,en,ebdr-twitter,"URGENT 2 A-ve donors at Shaily Nursing Home, Bhandup East, Mumbai. **C/o Sunil Nadkarni <PHONE>. **Request valid upto 08-03-13.",,,
4766,False,1,1,request,certain,Seeking A- donor in Rajshahi for patient.,bn,facebook,পেটের মধ্যেই বাচ্চা মারা গেছে (A-) রক্তের অভাবে গতকাল! এখনো মৃত বাচ্চাটাকেও বের করতে পারেনি রক্তের অভাবে🙂 কোনোভাবে মিলছেনা এ নেগেটিভ রক্তদাতা! আছেন কোনো এ নেগেটিভ রক্তদাতা রাজশাহীতে? যোগাযোগ: <PHONE> পারলে কিছু ফ্রেন্ড মেনশান করবেন/ অন্তত স্টিকার কমেন্ট করবেন নইলে পোষ্টের রিচ কমে যায়🙂,,,
4768,False,1,1,request,certain,B+ blood appeal for accident leg surgery in Bogura.,bn,facebook,একটি মানবিক আবেদন সমস্যাঃ এক্সিডেন্ট পর পা অপারেশন ব্লাড গ্রুপঃ #বি_পজিটিভ পরিমানঃ ১ ব্যাগ সময়ঃ ১১ টার মদ্যে স্থানঃ শহীদ জিয়া মেডিকেল বগুড়া যোগাযোগঃ <PHONE>,,,
4771,False,1,1,request,certain,"One bag O+ needed for hysterectomy, contact given.",bn,facebook,আগামীকাল দিনাজপুর সিটি ক্লিনিকে হিস্টেরেক্টোমি অপারেশনের জন্য এক ব্যাগ O+ রক্ত প্রয়োজন। আগ্রহী রক্ত দাতাকে কমেন্ট করার জন্য অনুরোধ করছি। যোগাযোগ: <PHONE> (রোগীর ছেলে),,,
4782,False,1,1,request,certain,AB+ blood needed for child,bn,facebook,"Emeargincy dorkar... এক শিশু বাচ্চার রক্তের প্রয়োজন 🔴রক্তের গ্রুপ: এবি+ 💉রক্তের পরিমাণ: ১ ব্যাগ 🏥রক্তদানের স্থান:শ্যামলী শিশু হাসপাতাল,ঢাকা। 📆রক্তদানের তারিখ:<PHONE> ☎যোগাযোগ:<PHONE>",,,
4789,False,1,1,request,certain,Four bags needed for stroke operation tomorrow.,bn,facebook,"হামিদা বেগম(৪৫) ব্রেইন স্টোক(মস্তিষ্কে রক্তক্ষরণ হয়েছে)। চার ব্যাগ রক্তের প্রয়োজন। আগামীকাল বৃহস্পতিবার সকাল ৮টা অপারেশন। ন্যাশনাল ইনস্টিটিউট অব নিউরোসায়েন্সস ও হাসপাতাল। সার্জারী ওয়ার্ড-৬, বেড-১০ আমি শেখ হৃদয় আহমেদ পিকুল(রোগীর ছেলে)। <PHONE>",,,
4793,False,0,0,not_request,certain,Fan joke about transfusion.,en,ebdr-twitter,RT @incorrectjoon: jin: hey sorry we gave u the wrong blood in the transfusion joon: ?? how???? jin: ur chart said ur blood was type A b…,,,
4799,False,0,0,not_request,certain,News sentence,bn,banglanmt,খালেদা জিয়াকে বহনকারী অ্যাম্বুলেন্স বেলা ১২টা ৩৫ মিনিটে হাসপাতালে প্রবেশ করে।,,,
4805,False,1,1,request,certain,O+ blood needed for operation at Savar hospital.,bn,facebook,"এক ভাইয়ের স্ত্রী খুবই অসুস্ত তার অপারেশন হবে, তার জন্য, o , পজেটিব রক্তের প্রয়োজন যদি কোন ব্যক্তি রক্ত দান করেন তাহলে খুবই উপকৃিত হবে, সবাই দোয়া করবেন রক্তের দানের যোগাযোগ, <PHONE>, ভর্তি, সাভার প্রাইম হাসপাতাল",,,
4806,False,0,0,not_request,certain,Casual mention of blood type.,en,ebdr-twitter,@__moog454 that’s a good ass idea i didn’t even think ab blood type,,,
4807,False,0,0,not_request,certain,Requirement fulfilled follow-up,en,ebdr-twitter,Requirement fulfilled according to Mr @phukan_abhijit ! Thank you all for RT's 🙏🙏🙏👏👏👏👍👍👍#BloodMatters https://t.co/tz0p8Ce9ss,,,
4816,False,1,1,request,certain,2 bags B- needed for dialysis patient.,bn,facebook,"জরুরী ভিত্তিতে B- রক্ত প্রয়োজন। 😓রোগীর সমস্যা: কিডনি ডায়ালাইসিস 🔴রক্তের গ্রুপ: B- 💉রক্তের পরিমাণ: 2 ব্যাগ 📆রক্তদানের সময়: আজ ৭ মে, 🏥রক্তদানের স্থান: National Institute of Kidney Diseases & Urology শ্যামোলী ঢাকা ☎যোগাযোগঃ <PHONE> অনুগ্রহ করে B- রক্ত যাদের প্লিজ এগিয়ে আসবেন,",,,
4830,False,1,1,request,certain,Urgent B- blood for operation at Comilla Medical.,bn,facebook,জরুরী রক্তের প্রয়োজন। রোগীর সমস্যাঃ রুগী অপারেশন করাবে। 🔴রক্তের গ্রুপঃ B নেগেটিভ 💉রক্তের পরিমাণঃ১ ব্যাগ 🔺 হিমোগ্লোবিনঃ জানা নেই 🗓️রক্তদানের তারিখ: যত তাড়াতাড়ি সম্ভব ⌚রক্তদানের সময়ঃআজকেই যেকোন সময় ইমার্জেন্সি। 🏥রক্তদানের স্থানঃ কুমিল্লা মেডিকেল কলেজ হসপিটাল। ☎ যোগাযোগঃ <PHONE> রেফারেন্সঃমো:কাউছার হোসেন৷,,,
4831,False,0,0,not_request,likely,Reply asking for hospital details,en,ebdr-twitter,@4everMaheshFan @Mahi_Manju @tweetsbyVipul @IamMaheshFan @Urtruefan @ramjowrites @Princy2weets Please share hospital name and contact details. Thanks!! #BloodMatters,,,
4840,False,0,0,not_request,certain,Encyclopedic text about Spanish language,bn,banglatlit,"স্পেনীয় ভাষা ২২টি দেশের সরকারি ভাষা: আর্জেন্টিনা, বলিভিয়া (কেচুয়া ও আইমারা-র সাথে সহসরকারী), চিলি, কলম্বিয়া, কোস্টা রিকা, কিউবা, ডমিনিকান প্রজাতন্ত্র, ইকুয়েডর, এল সালভাদোর, নিরক্ষীয় গিনি (ফরাসি-র সাথে সহসরকারী), গুয়াতেমালা, হন্ডুরাস, মেক্সিকো, নিকারাগুয়া, পানামা, প্যারাগুয়ে (গুয়ারানি-র সাথে সহসরকারী), পেরু (কেচুয়া ও আইমারা-র সাথে সহসরকারী), পুয়ের্টো রিকো (ইংরেজির সাথে সহসরকারী), স্পেন (কিছু কিছু অঞ্চলে কাতালান, গালিসীয় ও বাস্কের সাথে সহসরকারী), উরুগুয়ে, ভেনেজুয়েলা, এবং পশ্চিম সাহারা (আরবি-র সাথে সহসরকারী)।",,,
4847,False,1,1,request,certain,Urgent B- blood for delivery mother.,en,facebook,Urgent Need B- ( Nagativ ) Blood for a delivery mum's @ chittagong medical please call <PHONE> your bounty can save a delivery mother's life,,,
4848,False,1,1,request,certain,AB- blood needed for operation at Popular Hospital.,tbn,facebook,Urgent Need.Urgent Need. Dhaka'r Popular Hospital er modde agami kalke sokale operation er jonno ekjon rugir rokter dorker.Rokter group AB-(AB Negetive). Jara dite parben tara ei number er modde quick contact koren please.Mob no- <PHONE>,,,
4855,False,1,1,request,certain,"One bag B+ needed tomorrow, contact.",bn,facebook,"কিডনি জনিত সমস্যার জন্য ১ ব্যাগ বি পজিটিভ রক্ত প্রয়োজন আগামীকাল সকাল ১১ টার মধ্যে! মানবতার সেবায় সবাই এগিয়ে আসুন। স্থানঃ গণস্বাস্থ্য কেন্দ্র, ধানমন্ডি , ঢাকা মোবাইলঃ <PHONE> রেফারেন্স : Sattar Ahmed",,,
4859,False,0,0,not_request,certain,News fact about Rohingyas.,en,banglanmt,The number of Rohingyas in Bangladesh is more than 11 lakh.,,,
4863,False,0,0,not_request,certain,Hacking app chatter,bn,banglatlit,ধুর মিয়া .. সময় কি কইসি হ্যাকিং এপপ্স .. স্পবাই মুভি বা অনলাইন এ যেরকম পিক বা ভিডিও দেখে ঐটাকেই হ্যাকিং এর মতো মনে করে .. এইটাও ঐরকম এ ..আর হা প্রান্ক বোকা দের সাথেই সহজে করা যায় ..,,,
4871,False,1,1,request,certain,AB+ blood needed today urgently.,tbn,facebook,(Ab+)group blood today emerjency now.খুব প্রয়োজন।aj ke parle bolben kalke hole dorker ney.please sare korun,,,
4873,False,1,1,request,certain,A-ve blood needed tonight,bn,facebook,আসসালামু আলাইকুম A-ve রক্তের প্রয়োজন আজকেই রাত ১০ টার মধ্যে দয়া করেই সবাই একটু সাড়া দেন,,,
4875,False,0,0,not_request,certain,Facebook account verification help; unrelated.,bn,banglatlit,এফবি একাউন্টের পাসওয়ার্ড ঠিক আছে কিন্তু আইডেন্টিফিকেশনের জন্য মোবাইল নাম্বারে ভেরিফিকেশন কোড চাই কিন্তু আমার নাম্বারটা নাই। শুধু একটা অপশন আসছে। হেল্প,,,
4876,False,0,0,not_request,certain,Phone problem question.,bn,banglatlit,ব্রো আমি একটা প্ৰব্লেম এর মাঝে আসি ফোন রুট আসলো আনরুট করসি.....এখন ফোন এ প্রব্লেম হচ্ছে.....প্রব্লেম টা হলো ৩জি....কোনো টাইম কানেকশন হয়ে আবার হয়না....নাউ কি করবো,,,
4883,False,0,0,not_request,certain,Missing person post.,bn,facebook,আমার প্রিয় মা জান আজ সকাল বাসা থেকে হারিয়ে গেছে যদি কোন দয়াবান ব্যক্তি সন্ধান পেয়ে থাকেন নিম্ন ঠিকানা ওয়াশা মোড় পুলিশ বক্স চট্টগ্রাম যোগাযোগ করার জন্য অনুরোধ করা যাচ্ছে নিম্নে মোবাইল নাম্বার <PHONE>,,,
4885,False,0,0,not_request,likely,Person offers own O- blood to explosion victims; an offer.,en,ebdr-twitter,"RT @Iam_Misola: Hi guys, my blood group is O- and that makes me a general donor. In case there is any victim of the explosion that needs b…",,,
4887,False,1,1,request,certain,Emergency AB negative blood needed,tbn,facebook,Emergency' AB Negative' rokto lagbe plz karo thakle aktu knock den🙏🙏,,,
4892,False,0,0,not_request,certain,Religious discussion,bn,banglatlit,@CyberSabbir আমি ও তাই দেখসি হাদিস এ ।তবে হত্যা ব্যাতিত আর একটা ওয়ে আছে। বিয়ে দিয়ে দাওয়া & তাওবা করা .. মানুষ মাত্রই ভুল এটা ঠিক আচে। কিন্তু জিনা করা এটা কিন্তু ভুল না .।অপরাধ ..খুব মার্কটক অপরাধ … এই কবিরা গুনাহ টা জানার পর ও কেন জিনা করবে ? যদি করে কুমার কাওয়ার ২টা উপায়।হয় বিয়ে নাহয় মৃত্যু বুকারী শরীফ আর ৬ নো কন্ডো টা পড়েন। ওখানে সব আচে।,,,
4895,False,1,1,request,certain,B+ blood needed today after C-section.,bn,telegram,"কোথাও পাচ্ছি না রক্ত, সহযোগিতার হাত বাড়িয়ে দিন। Emergency রক্ত লাগবে, সিজার অপারেশন হয়েছে রোগীর ,আরো এক লাগবে,রোগীর খুব ই ভয়াবহ অবস্থা ,সেটা আজকেই রক্ত গ্রুপ - বি পজিটিভ হাসপাতাল নাম- ইস্ট ভিউ হাসপাতাল,সানারপাড়( শনি আখড়ার পরে) মোবাইল নাম্বার - <PHONE>(রোগীর আত্নীয়)",,,
4898,False,0,0,not_request,likely,"Donation day call for volunteers, no patient.",bn,facebook,আজ 2.রা নভেম্বর জাতীয় স্বেচ্ছায় রক্তদান দিবস উপলক্ষ্যে কে কে রক্তদানে প্রস্তুত? আপনার ব্লাড গ্রুপ লোকেশন কমেন্ট করুন,,,
4903,False,0,0,not_request,certain,History of medical college.,bn,banglatlit,দিনাজপুর মেডিকেল কলেজ ১৯৯২ সালের ১৬ই আগস্ট কার্যক্রম শুরু করে এবং ১লা জুলাই ২০০০ সালে দিনাজপুর শহরে আনন্দ সাগর এলাকায় নতুন ভবনে কার্যক্রম শুরু করে।,,,
4927,False,0,0,not_request,certain,Food donation at hospital report.,en,ebdr-twitter,RT @venkatvnt: Day 2 Grand Food donation @ Varkala thaluk hospital and essential materials for the patients #attingal #sdc #AKSFWA #Julyw…,,,
4929,False,0,0,not_request,certain,Thanks for completed donation.,en,ebdr-twitter,"RT @dhirendra00009: Heartiest thanks to Gopinath Mishra sir,who donated A-ve in an emergency condition to a needy patient Sumita das at AMR…",,,
4931,False,0,0,not_request,certain,Technical connection issue.,bn,banglatlit,একবার ও ৪-৫ মিনিট এর বেশি চালাতে পারিনি.. ডিসকানেক্ট হয়ে যাই.. রেকানেক্ট করার ট্রাই করলে অফলাইন দেখায়. আপনার পুরা প্রসেস আবার করার পরে আবার নতুন একটা আর ডি পি পাওয়া যাই.. সেম ভাবে ৪-৫ মিনিট ইউস এর পর আবার ডিসকানেক্ট,,,
4936,False,0,0,not_request,certain,Nursing job ad.,en,ebdr-twitter,"Can you recommend anyone for this #job? RN Resident - Orthopedics - https://t.co/1USxe1NUo7 #Nursing #DaytonaBeach, FL #Hiring #CareerArc",,,
4937,False,1,1,request,certain,A+ blood badly needed this morning for sick girl.,bn,facebook,আজকে সকাল অর্থাৎ ২৯ তারিখ ৮-৯ টার মদ্ধে (A+) রক্তের খুব প্রয়োজন।খুব অসুস্থ হয়ে একটি মেয়ে মেডিকেল এ ভর্তি হয়ে আছে। কেউ যদি রক্ত দিয়ে তার জীবন বাঁচাতে সাহায্য করেন তাহলে খুব উপকার হতো। রক্তে দিতে চাইলে এই (<PHONE>) নাম্বারে যোগাযোগ করুন। ধন্যবাদ🤲,,,
4938,False,0,0,not_request,certain,Literary history text.,bn,banglatlit,"এর মধ্যে আমাদের দৈন্য সাহিত্য সমাজের পঞ্চম বার্ষিক সম্মেলন (১৯৩১), আদেশপন্থী ও অনুপ্রেরণাপন্থী ষষ্ঠ বার্ষিক সম্মেলন (১৯৩২) ও মুসলমান সাহিত্যিকদের চিন্তাধারা অষ্টম বার্ষিক সম্মেলনে (১৯৩৪) পাঠ করা হয়।",,,
4945,False,1,1,request,certain,"B+ blood needed for sick father, contact given.",bn,facebook,"আসসালামু আলাইকুম,আমার বাবা খুবি অসুখ, ওনার, বি,পজেটিপ,রক্ত লাগবে,প্রিজ জদি আপনারা সংগ্রহ করিয়া, দিতে খুবি,ভালো জতো,মবাইল নাং,<PHONE>,বাড়ী চৌরি গাছা,দিনাজপুর,চিকিৎসাধীন বিরামপুর,স্বাস্থ্য ক্লিনিক 🤲",,,
4968,False,1,1,request,certain,Retweet: urgent B+ for surgery at Manipal.,en,ebdr-twitter,RT @SubodhK_: @richaanirudh @rajeev_mp @mainbhiengineer @coolfunnytshirt Urgent B+ blood group required for a surgery in Manipal hospital (…,,,
4982,False,0,0,not_request,certain,Offer of AB+ donor,bn,facebook,সিলেট সদরের মধ্যে এবি(+) রক্তদান করতে প্রস্তুত এক ভাই। প্রয়োজনে আমাকে ইনবক্স করুন। ধন্যবাদ।,,,
4983,False,1,1,request,certain,B+ blood needed emergency for accident patient.,bn,facebook,"B+ ব্লাড লাগবে ইমার্জেন্সি কুমিল্লা ট্রমা হসপিটাল, এক্সিডেন এর রোগি।",,,
4989,False,1,1,request,certain,O negative blood needed for delivery patient in Sylhet.,bn,facebook,সিলেট মেরি স্টোপসে ডেলিভারি রূগির জন্য জরুরীভাব্র Oনেগেটিভ রক্ত দরকার। যোগাযোগঃ<PHONE> আঃ মজিদ( সহ শিক্ষক),,,
4990,False,0,0,not_request,certain,Donation camp report.,en,ebdr-twitter,RT @Abhishe40367323: NER blood donation camp లో రక్తదానం చేసిన మహిళలను NER గారు ప్రత్యెక అభినందనలు తెలియజేశారు #NERbloodcamp,,,
4991,False,1,1,request,certain,Urgent AB+ blood needed in Chittagong.,bn,facebook,রক্ত লাগবে argent AB+ Location ; আগ্রাবাদ মা ও শিশু হাসপাতাল।।চট্টগ্রাম please anyone help,,,
4996,False,0,0,not_request,certain,Thanks someone for registering as donor.,en,ebdr-twitter,"We thank Gagan Arora for registering as #AB- blood donor in #Kot Kapura, #Punjab #Friends2Support",,,
4997,False,0,0,not_request,certain,Cashback discussion; unrelated.,bn,banglatlit,"১.বিকাশ ক্যাশব্যাক ১২ তারিখ থেকে ২.পার ডে ম্যাক্স ১০০ টাকা ক্যাশব্যাক সো ২০০ পাবার কোনো চান্স, নাই ৩.আসল কথা দারাজ এখন রিফান্ড এর সময় টাকা কেটে ব্যাক করে",,,
5000,False,0,0,not_request,certain,News sentence about police officer.,en,banglanmt,Sher-e-Bangla Nagar police station Officer-in-charge (OC) Jan-e-Alam confirmed the matter.,,,
5010,False,1,1,request,certain,O+ convalescent plasma needed at Ibn Sina hospital.,tbn,facebook,"Disease :Corona Plasma needed: O+ Hospital:Ibn Sina,Kallayanpur Time: As soon as possible Contact number:<PHONE>",,,
5011,False,0,0,not_request,certain,Free internet complaint.,bn,banglatlit,দিলেন তো ফ্রি নেট টার হোগা মেরে …আমার নিলের সাইট ফ্রি চলে …প্রক্সি লাগাইয়া আরাম সে চালাসিলাম …এখন to অফ হবেই …এই টায় ইউটিউব চলে না ..ডাউনলোড ও হয় না …বাট আমার সাইট এ সব হয় …আরাম সে ডাউনলোড দিসিলাম ..এখন এইটার জন্য আমার সাইট ও অফ হবে,,,
5015,False,1,1,request,certain,Three bags AB- needed immediately for shot patient.,en,telegram,"BLOOD NEEDED ‼️‼️‼️ AB negative Blood needed for a patient now located in Uttara 11,Mansur Ali Medical College. She got shot in the chaos that took place in sector 11 Uttara today. (August 2, 4 :30 pm ) She needs 3 bag of Ab negative blood immediately. Please help, It’s urgent. Please contact - <PHONE>, <PHONE> Uttara 11, Mansur Ali Medical College Please step forward or pass on the message. Share and forward, the patient is in a dire state, we couldn't find blood at blood banks. If anyone knows any blood bank or individual with this rare blood type, please step forward.",,,
5016,False,0,0,not_request,certain,Railway info; unrelated.,bn,banglatlit,ইন্দোনেশিয়ার উচ্চগতির রেল বা ইন্দোনেশিয়ার হাইস্পিড রেল পথ হল ইন্দোনেশিয়া এর জাভা দ্বীপ এর পশ্চিম থেকে পূর্ব দিকে পরিকল্পনাধিন একটি উচ্চ গতির রেল পথ।,,,
5017,False,1,1,request,certain,"Four bags blood needed for operation, patient's son contact",bn,telegram,"হামিদা বেগম(৪৫) ব্রেইন স্টোক(মস্তিষ্কে রক্তক্ষরণ হয়েছে)। চার ব্যাগ রক্তের প্রয়োজন। আগামীকাল বৃহস্পতিবার সকাল ৮টা অপারেশন। ন্যাশনাল ইনস্টিটিউট অব নিউরোসায়েন্সস ও হাসপাতাল। সার্জারী ওয়ার্ড-৬, বেড-১০ আমি শেখ হৃদয় আহমেদ পিকুল(রোগীর ছেলে)। <PHONE>",,,
5021,False,0,0,not_request,certain,Military history text; unrelated.,bn,banglatlit,"পাকিস্তান সেনাবাহিনীর যুদ্ধরত হাইকমান্ড, জি এইচ কিউ, পাকিস্তান নৌবাহিনীকে সাবমেরিন পি এন গাজীকে যুদ্ধে অংশ গ্রহন করা এবং পূর্ব পাকিস্তান উপকূল জুড়ে এর অপারেশন পরিধি বাড়ানোর জন্য চাপ দেয় ।",,,
5026,False,0,0,not_request,certain,Awareness about knowing blood group.,bn,curated-adversarial,কলেজের স্বাস্থ্য সপ্তাহে নিজের রক্তের ধরন জানার উপকারিতা নিয়ে জোর দেওয়া হয়েছিল।,,,
5034,False,0,0,not_request,certain,Quote about India-Arab relations.,bn,banglanmt,ভারতের সঙ্গে আরব উপদ্বীপের সম্পর্ক আমাদের ডিএনএতে মিশে আছে',,,
5049,False,1,1,request,certain,Cancer patient needs 3 bags A- blood at Green Life.,bn,facebook,"ঢাকার গ্রীন লাইফ হসপিটাল এ একজন ক্যান্সার রোগীর জন্য জরুরি ভিত্তিতে কিছুদিন পর পর করে ৩ ব্যাগ A- ব্লাড লাগবে রক্ত দিয়ে জীবন বাচাতে সহায়তা করুন...আপনার ১ ব্যাগ রক্ত হয়তো বাছিয়ে দিবে একটি জীবন, অশ্রু বিসজ্ন থেকে মুক্ত রাখবে পরিবার কে.. আসুন রক্ত দেই ,জীবন বাচাই...একটি সুন্দর সমাজ গঠনে সাথী হয়.. যোগাযোগ : গ্রীন লাইফ হসপিটাল,গ্রীন রোড,সেলিম <PHONE> (রোগির ভাতিজা)",,,
5050,False,1,1,request,certain,Urgent B- blood for PLID operation.,bn,facebook,"জরুরী রক্তের প্রয়োজন, সেচ্ছাসেবী ভাইয়েরা এগিয়ে আসুন..! ♦রোগীর নামঃ মোঃ বিল্লাল মিয়া 🛌রোগির সমস্যা : PLID operation 💉রক্তের গ্রপ; বি নেগেটিভ 🔴রক্তের পরিমাণঃ ১ ব্যাগ ☀️হিমোগ্লোবিন পয়েন্ট: 📆রক্তদানের তারিখঃ ০২/১০/২০২৩ইং ⌚রক্তদানের সময়ঃ আর্জেন্ট 🏥রক্তদানের স্থানঃ সিলেট যোগাযোগঃ হৃদয় - <PHONE>",,,
5051,False,0,0,not_request,likely,General marrow donor registry promotion.,en,ebdr-twitter,RT @MelDMann: You can also be a lifesaving marrow donor at https://t.co/WGnFJcNLuh (Please Share) Thanks! https://t.co/DfGfXWb5GU,,,
5056,False,0,0,not_request,certain,Music group livestream.,en,ebdr-twitter,RT @redmangroup21: The Red Man Group - live https://t.co/sqEcJDHbgQ,,,
5063,False,0,0,not_request,certain,Programming definition; unrelated.,bn,banglatlit,"যে স্ক্রিপ্ট দিয়ে আমরা পরিবেশ (এনভায়রনমেন্ট) সেট আপ করি, প্রোগ্রাম রান করাই এবং প্রয়োজনীয় পরিষ্কারকরণ, লগিং ইত্যাদি করে থাকি তাকে র‍্যাপার (wrapper) বলা হয়।",,,
5064,False,1,1,request,certain,B+ blood needed for caesarean tomorrow.,bn,facebook,আগামীকাল সকালে বিরামপুর রাইয়ান ক্লিনিকে সিজারিয়ান সেকশন অপারেশনের জন্য এক ব্যাগ B+ রক্ত প্রয়োজন। আগ্রহী রক্ত দাতাকে কমেন্ট করার জন্য অনুরোধ করছি।,,,
5072,False,1,1,request,likely,Terse AB+ 2 bags for cancer patient with contact.,en,telegram,Dhanmondi ibne sina 10 am Ab+ 2 bag cancer patient Contact No: <PHONE>,,,
5088,False,1,1,request,certain,"Blood required at Swat, RT request.",en,ebdr-twitter,Blood required at #Swat please RT https://t.co/c8rA2knZ4u,,,
5103,False,0,0,not_request,certain,Court news,bn,banglanmt,আজ এ মামলার তদন্ত সংস্থা র‌্যাব তদন্ত প্রতিবেদন দাখিল করেনি।,,,
5104,False,1,1,request,certain,"Donor missing, urgent B+ bag needed.",bn,facebook,ডোনার মিসিং ! খুব জরুরি এক ব্যাগ B+ ব্লাড লাগবে বিরামপুর ইমার উদ্দিন কমিউনিটি ক্লিনিকে।,,,
5106,False,0,0,not_request,certain,"App discussion, unrelated.",bn,banglatlit,"হা হা ৩ডট এ ক্লিক করলে সব বেরিয়ে আসবে, অনেক পোর অ্যাপ পাওরাম্প এর ১০ ভাগের ১ ভাগ ফীচার ও নাই পাম্প ১৪ ডে ট্রায়াল এ বুঝতে পারবেননা পার্চেজ করে উইজ করেন বুঝতে পারবেন",,,
5113,False,1,1,request,certain,A+ blood needed for caesarean,bn,facebook,"জরুরি!! একজন সন্তান সম্ভবা মায়ের সিজারের জন্য ১ব্যাগ এ পজিটিভ (A+) রক্তের প্রয়োজন। ফেনী মিশন হাসপাতাল #ইমারজেন্সি_লাগবে যোগাযোগঃ<PHONE> (Polash,patient's husband)",,,
5114,False,1,1,request,certain,"Emergency O+ blood needed in Gazipur, contact.",tbn,facebook,Emergency O+ blood needed... Palce : gazipur Plz if u have contact with the number... <PHONE>,,,
5115,False,0,0,not_request,certain,Custom ROM request,bn,banglatlit,স্যামসাং গ্যালাক্সি গ্রান্ড প্রাইম মডেল: এসএম-জি৫৩১এফ র‍্যাম :১জিবি স্টোরেজ :৮জিবি এন্ড্রয়েড ভার্সন ৫.১.১ (ললিপপ) কাস্টম রম দিলে খুব উপকৃত হবো ???,,,
5119,False,0,0,not_request,certain,Financial grievance appeal.,en,ebdr-twitter,RT @SunilBh77260368: Sir....@PMOIndia.@HardeepSPuri.@arunjaitley @cmohry @DrKKKhandelwal Please help.We are ruined.Lost retirement corpus #…,,,
5124,False,1,1,request,certain,Two bags B+ for caesarean patient,bn,facebook,"১৭ই অক্টোবর সিজারিয়ান রোগীর জন্য দুই ব্যাগ বি পজেটিভ ( B+) রক্ত প্রয়োজন। নিউ মর্ডান ক্লিনিকে, আগ্রহী রক্তদাতা কে কমেন্ট করার জন্য অনুরোধ করছি।",,,
5127,False,0,0,not_request,certain,Job appointment notice.,bn,banglanmt,যোগদানের তারিখ থেকে এই নিয়োগ কার্যকর হবে।,,,
5128,False,0,0,not_request,certain,Political news about hospital treatment.,bn,banglanmt,বঙ্গবন্ধু শেখ মুজিব মেডিক্যাল বিশ্ববিদ্যালয় (বিএসএমএমইউ) হাসপাতালে চিকিৎসা নিতে রাজি হয়েছেন বিএনপি চেয়ারপারসন খালেদা জিয়া।,,,
5129,False,0,0,not_request,certain,Google form email note; unrelated.,bn,banglatlit,গুগল ফর্ম এ মেইল সাবমিট করছেন যেটা আমার এক্সেল শিট এ জমা হচ্ছে ….চিন্তা করবেন না…আজকে রাতেই পেয়ে যাবেন ইনশা ’আল্লাহ ……ইমেইল পাওয়ার পর এই পোস্ট এর কমেন্ট এ রিভিউ দিয়ে যাবেন !!!!! ঠিক আছে?,,,
5141,False,1,1,request,certain,1 bag B+ needed for dialysis at Rangpur Medical.,bn,facebook,"<PHONE> . ""তুচ্ছ নয় রক্তদান, বাঁচাতে পারে একটি প্রাণ"" .. দিতে না পারলেও শেয়ার করুন ... . রংপুরের এক ভাই এর কিডনী ডায়ালাইসিসের জন্য ১ব্যাগ B+ রক্তের প্রয়োজন কেউ থাকলে প্লিজ এগিয়ে আসুন। স্থান : রংপুর মেডিকেল ফোন নং : <PHONE>,<PHONE>",,,
5144,False,0,0,not_request,certain,Government cooperation news.,bn,banglanmt,এক্ষেত্রে কম্বোডিয়ার সরকার সব ধরনের সহযোগিতা করবে।,,,
5161,False,1,1,request,certain,"Emergency O+ blood needed at hospital, contact.",bn,facebook,ইমারজেন্সি ওপজিটিভ ব্লাড লাগবে। দিনাজপুর Health Care হাসপাতাল। যোগাযোগ :<PHONE>!!?:!,,,
5163,False,1,1,request,certain,Negative blood donors required urgently for cancer patient.,en,ebdr-twitter,As received Any negative blood donors are required in CMH Rawalpindi urgently for a mother who's is patient of canc… https://t.co/R1GTnlda27,,,
